Nom officiel du restaurant;Rue;NPA;Localité;Téléphone;E-mail;Site Internet;Lien direct carte/menu;Type de cuisine;Terrasse;Horaires;Jours de fermeture;Date du menu;Date d'introduction;Date d'introduction du fichier;Date de récupération Web;Fourni par;Origine du contributeur;Catégorie;Nom du plat;Description;Prix
Brasserie Le Cardinal;Rue du Seyon 9;2000;Neuchâtel;032 725 12 86;info@lecardinal-brasserie.ch;https://www.lecardinal-brasserie.ch;;Brasserie;;;;;;;;;;;;;
Brasserie Le Cardinal;Rue du Seyon 9;2000;Neuchâtel;032 725 12 86;info@lecardinal-brasserie.ch;https://www.lecardinal-brasserie.ch;;Brasserie;;;;;;;;;;;;;
Brasserie Le Cardinal;Rue du Seyon 9;2000;Neuchâtel;032 725 12 86;info@lecardinal-brasserie.ch;https://www.lecardinal-brasserie.ch;;Brasserie;;;;;;;;;;;;;
Brasserie Le Cardinal;Rue du Seyon 9;2000;Neuchâtel;032 725 12 86;info@lecardinal-brasserie.ch;https://www.lecardinal-brasserie.ch;;Brasserie;;;;;;;;;;;;;
Brasserie Le Cardinal;Rue du Seyon 9;2000;Neuchâtel;032 725 12 86;info@lecardinal-brasserie.ch;https://www.lecardinal-brasserie.ch;;Brasserie;;;;;;;;;;;;;
Brasserie Le Cardinal;Rue du Seyon 9;2000;Neuchâtel;032 725 12 86;info@lecardinal-brasserie.ch;https://www.lecardinal-brasserie.ch;;Brasserie;;;;;;;;;;;;;
Brasserie Le Cardinal;Rue du Seyon 9;2000;Neuchâtel;032 725 12 86;info@lecardinal-brasserie.ch;https://www.lecardinal-brasserie.ch;;Brasserie;;;;;;;;;;;;;
Brasserie Le Cardinal;Rue du Seyon 9;2000;Neuchâtel;032 725 12 86;info@lecardinal-brasserie.ch;https://www.lecardinal-brasserie.ch;;Brasserie;;;;;;;;;;;;;
La Charrue;Route de la Côtière 14;2063;Vilars;032 852 08 52;;https://lacharrue.ch;https://lacharrue.ch/nos-menus/;Cuisine traditionnelle;;;;;;;;;;;;;
La Charrue;Route de la Côtière 14;2063;Vilars;032 852 08 52;;https://lacharrue.ch;https://lacharrue.ch/nos-menus/;Cuisine traditionnelle;;;;;;;;;;;;;
La Charrue;Route de la Côtière 14;2063;Vilars;032 852 08 52;;https://lacharrue.ch;https://lacharrue.ch/nos-menus/;Cuisine traditionnelle;;;;;;;;;;;;;
La Charrue;Route de la Côtière 14;2063;Vilars;032 852 08 52;;https://lacharrue.ch;https://lacharrue.ch/nos-menus/;Cuisine traditionnelle;;;;;;;;;;;;;
La Charrue;Route de la Côtière 14;2063;Vilars;032 852 08 52;;https://lacharrue.ch;https://lacharrue.ch/nos-menus/;Cuisine traditionnelle;;;;;;;;;;;;;
La Charrue;Route de la Côtière 14;2063;Vilars;032 852 08 52;;https://lacharrue.ch;https://lacharrue.ch/nos-menus/;Cuisine traditionnelle;;;;;;;;;;;;;
La Charrue;Route de la Côtière 14;2063;Vilars;032 852 08 52;;https://lacharrue.ch;https://lacharrue.ch/nos-menus/;Cuisine traditionnelle;;;;;;;;;;;;;
La Charrue;Route de la Côtière 14;2063;Vilars;032 852 08 52;;https://lacharrue.ch;https://lacharrue.ch/nos-menus/;Cuisine traditionnelle;;;;;;;;;;;;;
La Charrue;Route de la Côtière 14;2063;Vilars;032 852 08 52;;https://lacharrue.ch;https://lacharrue.ch/nos-menus/;Cuisine traditionnelle;;;;;;;;;;;;;
La Charrue;Route de la Côtière 14;2063;Vilars;032 852 08 52;;https://lacharrue.ch;https://lacharrue.ch/nos-menus/;Cuisine traditionnelle;;;;;;;;;;;;;
La Charrue;Route de la Côtière 14;2063;Vilars;032 852 08 52;;https://lacharrue.ch;https://lacharrue.ch/nos-menus/;Cuisine traditionnelle;;;;;;;;;;;;;
La Charrue;Route de la Côtière 14;2063;Vilars;032 852 08 52;;https://lacharrue.ch;https://lacharrue.ch/nos-menus/;Cuisine traditionnelle;;;;;;;;;;;;;
La Charrue;Route de la Côtière 14;2063;Vilars;032 852 08 52;;https://lacharrue.ch;https://lacharrue.ch/nos-menus/;Cuisine traditionnelle;;;;;;;;;;;;;
La Charrue;Route de la Côtière 14;2063;Vilars;032 852 08 52;;https://lacharrue.ch;https://lacharrue.ch/nos-menus/;Cuisine traditionnelle;;;;;;;;;;;;;
La Charrue;Route de la Côtière 14;2063;Vilars;032 852 08 52;;https://lacharrue.ch;https://lacharrue.ch/nos-menus/;Cuisine traditionnelle;;;;;;;;;;;;;
La Charrue;Route de la Côtière 14;2063;Vilars;032 852 08 52;;https://lacharrue.ch;https://lacharrue.ch/nos-menus/;Cuisine traditionnelle;;;;;;;;;;;;;
La Charrue;Route de la Côtière 14;2063;Vilars;032 852 08 52;;https://lacharrue.ch;https://lacharrue.ch/nos-menus/;Cuisine traditionnelle;;;;;;;;;;;;;
La Charrue;Route de la Côtière 14;2063;Vilars;032 852 08 52;;https://lacharrue.ch;https://lacharrue.ch/nos-menus/;Cuisine traditionnelle;;;;;;;;;;;;;
La Charrue;Route de la Côtière 14;2063;Vilars;032 852 08 52;;https://lacharrue.ch;https://lacharrue.ch/nos-menus/;Cuisine traditionnelle;;;;;;;;;;;;;
La Charrue;Route de la Côtière 14;2063;Vilars;032 852 08 52;;https://lacharrue.ch;https://lacharrue.ch/nos-menus/;Cuisine traditionnelle;;;;;;;;;;;;;
La Charrue;Route de la Côtière 14;2063;Vilars;032 852 08 52;;https://lacharrue.ch;https://lacharrue.ch/nos-menus/;Cuisine traditionnelle;;;;;;;;;;;;;
La Charrue;Route de la Côtière 14;2063;Vilars;032 852 08 52;;https://lacharrue.ch;https://lacharrue.ch/nos-menus/;Cuisine traditionnelle;;;;;;;;;;;;;
La Charrue;Route de la Côtière 14;2063;Vilars;032 852 08 52;;https://lacharrue.ch;https://lacharrue.ch/nos-menus/;Cuisine traditionnelle;;;;;;;;;;;;;
La Charrue;Route de la Côtière 14;2063;Vilars;032 852 08 52;;https://lacharrue.ch;https://lacharrue.ch/nos-menus/;Cuisine traditionnelle;;;;;;;;;;;;;
La Charrue;Route de la Côtière 14;2063;Vilars;032 852 08 52;;https://lacharrue.ch;https://lacharrue.ch/nos-menus/;Cuisine traditionnelle;;;;;;;;;;;;;
La Charrue;Route de la Côtière 14;2063;Vilars;032 852 08 52;;https://lacharrue.ch;https://lacharrue.ch/nos-menus/;Cuisine traditionnelle;;;;;;;;;;;;;
La Charrue;Route de la Côtière 14;2063;Vilars;032 852 08 52;;https://lacharrue.ch;https://lacharrue.ch/nos-menus/;Cuisine traditionnelle;;;;;;;;;;;;;
La Charrue;Route de la Côtière 14;2063;Vilars;032 852 08 52;;https://lacharrue.ch;https://lacharrue.ch/nos-menus/;Cuisine traditionnelle;;;;;;;;;;;;;
La Charrue;Route de la Côtière 14;2063;Vilars;032 852 08 52;;https://lacharrue.ch;https://lacharrue.ch/nos-menus/;Cuisine traditionnelle;;;;;;;;;;;;;
La Charrue;Route de la Côtière 14;2063;Vilars;032 852 08 52;;https://lacharrue.ch;https://lacharrue.ch/nos-menus/;Cuisine traditionnelle;;;;;;;;;;;;;
La Charrue;Route de la Côtière 14;2063;Vilars;032 852 08 52;;https://lacharrue.ch;https://lacharrue.ch/nos-menus/;Cuisine traditionnelle;;;;;;;;;;;;;
La Charrue;Route de la Côtière 14;2063;Vilars;032 852 08 52;;https://lacharrue.ch;https://lacharrue.ch/nos-menus/;Cuisine traditionnelle;;;;;;;;;;;;;
Écluse 13;Rue de l'Écluse 13;2000;Neuchâtel;032 725 07 60;info@ecluse13.ch;https://www.ecluse13.ch;https://www.ecluse13.ch;Brasserie;;;;;;;;;;;;;
Écluse 13;Rue de l'Écluse 13;2000;Neuchâtel;032 725 07 60;info@ecluse13.ch;https://www.ecluse13.ch;https://www.ecluse13.ch;Brasserie;;;;;;;;;;;;;
Écluse 13;Rue de l'Écluse 13;2000;Neuchâtel;032 725 07 60;info@ecluse13.ch;https://www.ecluse13.ch;https://www.ecluse13.ch;Brasserie;;;;;;;;;;;;;
Écluse 13;Rue de l'Écluse 13;2000;Neuchâtel;032 725 07 60;info@ecluse13.ch;https://www.ecluse13.ch;https://www.ecluse13.ch;Brasserie;;;;;;;;;;;;;
Écluse 13;Rue de l'Écluse 13;2000;Neuchâtel;032 725 07 60;info@ecluse13.ch;https://www.ecluse13.ch;https://www.ecluse13.ch;Brasserie;;;;;;;;;;;;;
Écluse 13;Rue de l'Écluse 13;2000;Neuchâtel;032 725 07 60;info@ecluse13.ch;https://www.ecluse13.ch;https://www.ecluse13.ch;Brasserie;;;;;;;;;;;;;
Écluse 13;Rue de l'Écluse 13;2000;Neuchâtel;032 725 07 60;info@ecluse13.ch;https://www.ecluse13.ch;https://www.ecluse13.ch;Brasserie;;;;;;;;;;;;;
Écluse 13;Rue de l'Écluse 13;2000;Neuchâtel;032 725 07 60;info@ecluse13.ch;https://www.ecluse13.ch;https://www.ecluse13.ch;Brasserie;;;;;;;;;;;;;
Écluse 13;Rue de l'Écluse 13;2000;Neuchâtel;032 725 07 60;info@ecluse13.ch;https://www.ecluse13.ch;https://www.ecluse13.ch;Brasserie;;;;;;;;;;;;;
Écluse 13;Rue de l'Écluse 13;2000;Neuchâtel;032 725 07 60;info@ecluse13.ch;https://www.ecluse13.ch;https://www.ecluse13.ch;Brasserie;;;;;;;;;;;;;
Écluse 13;Rue de l'Écluse 13;2000;Neuchâtel;032 725 07 60;info@ecluse13.ch;https://www.ecluse13.ch;https://www.ecluse13.ch;Brasserie;;;;;;;;;;;;;
Restaurant La Terrasse;Place de la Gare 2;2000;Neuchâtel;032 723 19 19;contact@laterrasse-restaurant.ch;https://laterrasse-restaurant.ch;https://laterrasse-restaurant.ch/cote-restaurant/;Cuisine régionale suisse;;;;;;;;;;;;;
Restaurant La Terrasse;Place de la Gare 2;2000;Neuchâtel;032 723 19 19;contact@laterrasse-restaurant.ch;https://laterrasse-restaurant.ch;https://laterrasse-restaurant.ch/cote-restaurant/;Cuisine régionale suisse;;;;;;;;;;;;;
Restaurant La Terrasse;Place de la Gare 2;2000;Neuchâtel;032 723 19 19;contact@laterrasse-restaurant.ch;https://laterrasse-restaurant.ch;https://laterrasse-restaurant.ch/cote-restaurant/;Cuisine régionale suisse;;;;;;;;;;;;;
Restaurant La Terrasse;Place de la Gare 2;2000;Neuchâtel;032 723 19 19;contact@laterrasse-restaurant.ch;https://laterrasse-restaurant.ch;https://laterrasse-restaurant.ch/cote-restaurant/;Cuisine régionale suisse;;;;;;;;;;;;;
Restaurant La Terrasse;Place de la Gare 2;2000;Neuchâtel;032 723 19 19;contact@laterrasse-restaurant.ch;https://laterrasse-restaurant.ch;https://laterrasse-restaurant.ch/cote-restaurant/;Cuisine régionale suisse;;;;;;;;;;;;;
Restaurant La Terrasse;Place de la Gare 2;2000;Neuchâtel;032 723 19 19;contact@laterrasse-restaurant.ch;https://laterrasse-restaurant.ch;https://laterrasse-restaurant.ch/cote-restaurant/;Cuisine régionale suisse;;;;;;;;;;;;;
Restaurant La Terrasse;Place de la Gare 2;2000;Neuchâtel;032 723 19 19;contact@laterrasse-restaurant.ch;https://laterrasse-restaurant.ch;https://laterrasse-restaurant.ch/cote-restaurant/;Cuisine régionale suisse;;;;;;;;;;;;;
Restaurant La Terrasse;Place de la Gare 2;2000;Neuchâtel;032 723 19 19;contact@laterrasse-restaurant.ch;https://laterrasse-restaurant.ch;https://laterrasse-restaurant.ch/cote-restaurant/;Cuisine régionale suisse;;;;;;;;;;;;;
Restaurant La Terrasse;Place de la Gare 2;2000;Neuchâtel;032 723 19 19;contact@laterrasse-restaurant.ch;https://laterrasse-restaurant.ch;https://laterrasse-restaurant.ch/cote-restaurant/;Cuisine régionale suisse;;;;;;;;;;;;;
Restaurant La Terrasse;Place de la Gare 2;2000;Neuchâtel;032 723 19 19;contact@laterrasse-restaurant.ch;https://laterrasse-restaurant.ch;https://laterrasse-restaurant.ch/cote-restaurant/;Cuisine régionale suisse;;;;;;;;;;;;;
Restaurant La Terrasse;Place de la Gare 2;2000;Neuchâtel;032 723 19 19;contact@laterrasse-restaurant.ch;https://laterrasse-restaurant.ch;https://laterrasse-restaurant.ch/cote-restaurant/;Cuisine régionale suisse;;;;;;;;;;;;;
Restaurant La Terrasse;Place de la Gare 2;2000;Neuchâtel;032 723 19 19;contact@laterrasse-restaurant.ch;https://laterrasse-restaurant.ch;https://laterrasse-restaurant.ch/cote-restaurant/;Cuisine régionale suisse;;;;;;;;;;;;;
Restaurant La Terrasse;Place de la Gare 2;2000;Neuchâtel;032 723 19 19;contact@laterrasse-restaurant.ch;https://laterrasse-restaurant.ch;https://laterrasse-restaurant.ch/cote-restaurant/;Cuisine régionale suisse;;;;;;;;;;;;;
Restaurant La Terrasse;Place de la Gare 2;2000;Neuchâtel;032 723 19 19;contact@laterrasse-restaurant.ch;https://laterrasse-restaurant.ch;https://laterrasse-restaurant.ch/cote-restaurant/;Cuisine régionale suisse;;;;;;;;;;;;;
Restaurant La Terrasse;Place de la Gare 2;2000;Neuchâtel;032 723 19 19;contact@laterrasse-restaurant.ch;https://laterrasse-restaurant.ch;https://laterrasse-restaurant.ch/cote-restaurant/;Cuisine régionale suisse;;;;;;;;;;;;;
Restaurant La Terrasse;Place de la Gare 2;2000;Neuchâtel;032 723 19 19;contact@laterrasse-restaurant.ch;https://laterrasse-restaurant.ch;https://laterrasse-restaurant.ch/cote-restaurant/;Cuisine régionale suisse;;;;;;;;;;;;;
Restaurant La Terrasse;Place de la Gare 2;2000;Neuchâtel;032 723 19 19;contact@laterrasse-restaurant.ch;https://laterrasse-restaurant.ch;https://laterrasse-restaurant.ch/cote-restaurant/;Cuisine régionale suisse;;;;;;;;;;;;;
Restaurant La Terrasse;Place de la Gare 2;2000;Neuchâtel;032 723 19 19;contact@laterrasse-restaurant.ch;https://laterrasse-restaurant.ch;https://laterrasse-restaurant.ch/cote-restaurant/;Cuisine régionale suisse;;;;;;;;;;;;;
Restaurant La Terrasse;Place de la Gare 2;2000;Neuchâtel;032 723 19 19;contact@laterrasse-restaurant.ch;https://laterrasse-restaurant.ch;https://laterrasse-restaurant.ch/cote-restaurant/;Cuisine régionale suisse;;;;;;;;;;;;;
Restaurant La Terrasse;Place de la Gare 2;2000;Neuchâtel;032 723 19 19;contact@laterrasse-restaurant.ch;https://laterrasse-restaurant.ch;https://laterrasse-restaurant.ch/cote-restaurant/;Cuisine régionale suisse;;;;;;;;;;;;;
Restaurant La Terrasse;Place de la Gare 2;2000;Neuchâtel;032 723 19 19;contact@laterrasse-restaurant.ch;https://laterrasse-restaurant.ch;https://laterrasse-restaurant.ch/cote-restaurant/;Cuisine régionale suisse;;;;;;;;;;;;;
Restaurant La Piscine;Route de la Piscine 1;2525;Le Landeron;032 751 26 88;;https://www.restaurantlapiscine.ch;https://www.restaurantlapiscine.ch/copie-de-carte-des-mets;Cuisine traditionnelle;;;;;;;;;;;;;
Restaurant La Piscine;Route de la Piscine 1;2525;Le Landeron;032 751 26 88;;https://www.restaurantlapiscine.ch;https://www.restaurantlapiscine.ch/copie-de-carte-des-mets;Cuisine traditionnelle;;;;;;;;;;;;;
Restaurant La Piscine;Route de la Piscine 1;2525;Le Landeron;032 751 26 88;;https://www.restaurantlapiscine.ch;https://www.restaurantlapiscine.ch/copie-de-carte-des-mets;Cuisine traditionnelle;;;;;;;;;;;;;
Restaurant La Piscine;Route de la Piscine 1;2525;Le Landeron;032 751 26 88;;https://www.restaurantlapiscine.ch;https://www.restaurantlapiscine.ch/copie-de-carte-des-mets;Cuisine traditionnelle;;;;;;;;;;;;;
Restaurant La Piscine;Route de la Piscine 1;2525;Le Landeron;032 751 26 88;;https://www.restaurantlapiscine.ch;https://www.restaurantlapiscine.ch/copie-de-carte-des-mets;Cuisine traditionnelle;;;;;;;;;;;;;
Restaurant La Piscine;Route de la Piscine 1;2525;Le Landeron;032 751 26 88;;https://www.restaurantlapiscine.ch;https://www.restaurantlapiscine.ch/copie-de-carte-des-mets;Cuisine traditionnelle;;;;;;;;;;;;;
Restaurant La Piscine;Route de la Piscine 1;2525;Le Landeron;032 751 26 88;;https://www.restaurantlapiscine.ch;https://www.restaurantlapiscine.ch/copie-de-carte-des-mets;Cuisine traditionnelle;;;;;;;;;;;;;
Restaurant La Piscine;Route de la Piscine 1;2525;Le Landeron;032 751 26 88;;https://www.restaurantlapiscine.ch;https://www.restaurantlapiscine.ch/copie-de-carte-des-mets;Cuisine traditionnelle;;;;;;;;;;;;;
Restaurant La Piscine;Route de la Piscine 1;2525;Le Landeron;032 751 26 88;;https://www.restaurantlapiscine.ch;https://www.restaurantlapiscine.ch/copie-de-carte-des-mets;Cuisine traditionnelle;;;;;;;;;;;;;
Restaurant La Piscine;Route de la Piscine 1;2525;Le Landeron;032 751 26 88;;https://www.restaurantlapiscine.ch;https://www.restaurantlapiscine.ch/copie-de-carte-des-mets;Cuisine traditionnelle;;;;;;;;;;;;;
Restaurant La Piscine;Route de la Piscine 1;2525;Le Landeron;032 751 26 88;;https://www.restaurantlapiscine.ch;https://www.restaurantlapiscine.ch/copie-de-carte-des-mets;Cuisine traditionnelle;;;;;;;;;;;;;
Restaurant La Piscine;Route de la Piscine 1;2525;Le Landeron;032 751 26 88;;https://www.restaurantlapiscine.ch;https://www.restaurantlapiscine.ch/copie-de-carte-des-mets;Cuisine traditionnelle;;;;;;;;;;;;;
Restaurant La Piscine;Route de la Piscine 1;2525;Le Landeron;032 751 26 88;;https://www.restaurantlapiscine.ch;https://www.restaurantlapiscine.ch/copie-de-carte-des-mets;Cuisine traditionnelle;;;;;;;;;;;;;
Restaurant La Piscine;Route de la Piscine 1;2525;Le Landeron;032 751 26 88;;https://www.restaurantlapiscine.ch;https://www.restaurantlapiscine.ch/copie-de-carte-des-mets;Cuisine traditionnelle;;;;;;;;;;;;;
Restaurant La Piscine;Route de la Piscine 1;2525;Le Landeron;032 751 26 88;;https://www.restaurantlapiscine.ch;https://www.restaurantlapiscine.ch/copie-de-carte-des-mets;Cuisine traditionnelle;;;;;;;;;;;;;
Restaurant La Piscine;Route de la Piscine 1;2525;Le Landeron;032 751 26 88;;https://www.restaurantlapiscine.ch;https://www.restaurantlapiscine.ch/copie-de-carte-des-mets;Cuisine traditionnelle;;;;;;;;;;;;;
Restaurant La Piscine;Route de la Piscine 1;2525;Le Landeron;032 751 26 88;;https://www.restaurantlapiscine.ch;https://www.restaurantlapiscine.ch/copie-de-carte-des-mets;Cuisine traditionnelle;;;;;;;;;;;;;
Restaurant La Piscine;Route de la Piscine 1;2525;Le Landeron;032 751 26 88;;https://www.restaurantlapiscine.ch;https://www.restaurantlapiscine.ch/copie-de-carte-des-mets;Cuisine traditionnelle;;;;;;;;;;;;;
Restaurant La Piscine;Route de la Piscine 1;2525;Le Landeron;032 751 26 88;;https://www.restaurantlapiscine.ch;https://www.restaurantlapiscine.ch/copie-de-carte-des-mets;Cuisine traditionnelle;;;;;;;;;;;;;
Restaurant La Piscine;Route de la Piscine 1;2525;Le Landeron;032 751 26 88;;https://www.restaurantlapiscine.ch;https://www.restaurantlapiscine.ch/copie-de-carte-des-mets;Cuisine traditionnelle;;;;;;;;;;;;;
Restaurant La Piscine;Route de la Piscine 1;2525;Le Landeron;032 751 26 88;;https://www.restaurantlapiscine.ch;https://www.restaurantlapiscine.ch/copie-de-carte-des-mets;Cuisine traditionnelle;;;;;;;;;;;;;
Restaurant La Piscine;Route de la Piscine 1;2525;Le Landeron;032 751 26 88;;https://www.restaurantlapiscine.ch;https://www.restaurantlapiscine.ch/copie-de-carte-des-mets;Cuisine traditionnelle;;;;;;;;;;;;;
Restaurant La Piscine;Route de la Piscine 1;2525;Le Landeron;032 751 26 88;;https://www.restaurantlapiscine.ch;https://www.restaurantlapiscine.ch/copie-de-carte-des-mets;Cuisine traditionnelle;;;;;;;;;;;;;
Restaurant La Piscine;Route de la Piscine 1;2525;Le Landeron;032 751 26 88;;https://www.restaurantlapiscine.ch;https://www.restaurantlapiscine.ch/copie-de-carte-des-mets;Cuisine traditionnelle;;;;;;;;;;;;;
Restaurant La Piscine;Route de la Piscine 1;2525;Le Landeron;032 751 26 88;;https://www.restaurantlapiscine.ch;https://www.restaurantlapiscine.ch/copie-de-carte-des-mets;Cuisine traditionnelle;;;;;;;;;;;;;
Restaurant La Piscine;Route de la Piscine 1;2525;Le Landeron;032 751 26 88;;https://www.restaurantlapiscine.ch;https://www.restaurantlapiscine.ch/copie-de-carte-des-mets;Cuisine traditionnelle;;;;;;;;;;;;;
Restaurant La Piscine;Route de la Piscine 1;2525;Le Landeron;032 751 26 88;;https://www.restaurantlapiscine.ch;https://www.restaurantlapiscine.ch/copie-de-carte-des-mets;Cuisine traditionnelle;;;;;;;;;;;;;
Restaurant La Piscine;Route de la Piscine 1;2525;Le Landeron;032 751 26 88;;https://www.restaurantlapiscine.ch;https://www.restaurantlapiscine.ch/copie-de-carte-des-mets;Cuisine traditionnelle;;;;;;;;;;;;;
Restaurant La Piscine;Route de la Piscine 1;2525;Le Landeron;032 751 26 88;;https://www.restaurantlapiscine.ch;https://www.restaurantlapiscine.ch/copie-de-carte-des-mets;Cuisine traditionnelle;;;;;;;;;;;;;
Restaurant La Piscine;Route de la Piscine 1;2525;Le Landeron;032 751 26 88;;https://www.restaurantlapiscine.ch;https://www.restaurantlapiscine.ch/copie-de-carte-des-mets;Cuisine traditionnelle;;;;;;;;;;;;;
Restaurant La Piscine;Route de la Piscine 1;2525;Le Landeron;032 751 26 88;;https://www.restaurantlapiscine.ch;https://www.restaurantlapiscine.ch/copie-de-carte-des-mets;Cuisine traditionnelle;;;;;;;;;;;;;
Restaurant La Piscine;Route de la Piscine 1;2525;Le Landeron;032 751 26 88;;https://www.restaurantlapiscine.ch;https://www.restaurantlapiscine.ch/copie-de-carte-des-mets;Cuisine traditionnelle;;;;;;;;;;;;;
Café-Restaurant Métairie de Clémesin;Route de Clémesin 28;2057;Villiers;032 853 14 18;bc2.clemesin@gmail.com;https://www.clemesin.ch/metairie_temp/;https://www.clemesin.ch/metairie_temp/assets/files/mets_ete_26.pdf;Cuisine régionale suisse;;;;;;;;;;;;;
Café-Restaurant Métairie de Clémesin;Route de Clémesin 28;2057;Villiers;032 853 14 18;bc2.clemesin@gmail.com;https://www.clemesin.ch/metairie_temp/;https://www.clemesin.ch/metairie_temp/assets/files/mets_ete_26.pdf;Cuisine régionale suisse;;;;;;;;;;;;;
Café-Restaurant Métairie de Clémesin;Route de Clémesin 28;2057;Villiers;032 853 14 18;bc2.clemesin@gmail.com;https://www.clemesin.ch/metairie_temp/;https://www.clemesin.ch/metairie_temp/assets/files/mets_ete_26.pdf;Cuisine régionale suisse;;;;;;;;;;;;;
Café-Restaurant Métairie de Clémesin;Route de Clémesin 28;2057;Villiers;032 853 14 18;bc2.clemesin@gmail.com;https://www.clemesin.ch/metairie_temp/;https://www.clemesin.ch/metairie_temp/assets/files/mets_ete_26.pdf;Cuisine régionale suisse;;;;;;;;;;;;;
Café-Restaurant Métairie de Clémesin;Route de Clémesin 28;2057;Villiers;032 853 14 18;bc2.clemesin@gmail.com;https://www.clemesin.ch/metairie_temp/;https://www.clemesin.ch/metairie_temp/assets/files/mets_ete_26.pdf;Cuisine régionale suisse;;;;;;;;;;;;;
Café-Restaurant Métairie de Clémesin;Route de Clémesin 28;2057;Villiers;032 853 14 18;bc2.clemesin@gmail.com;https://www.clemesin.ch/metairie_temp/;https://www.clemesin.ch/metairie_temp/assets/files/mets_ete_26.pdf;Cuisine régionale suisse;;;;;;;;;;;;;
Café-Restaurant Métairie de Clémesin;Route de Clémesin 28;2057;Villiers;032 853 14 18;bc2.clemesin@gmail.com;https://www.clemesin.ch/metairie_temp/;https://www.clemesin.ch/metairie_temp/assets/files/mets_ete_26.pdf;Cuisine régionale suisse;;;;;;;;;;;;;
Café-Restaurant Métairie de Clémesin;Route de Clémesin 28;2057;Villiers;032 853 14 18;bc2.clemesin@gmail.com;https://www.clemesin.ch/metairie_temp/;https://www.clemesin.ch/metairie_temp/assets/files/mets_ete_26.pdf;Cuisine régionale suisse;;;;;;;;;;;;;
Café-Restaurant Métairie de Clémesin;Route de Clémesin 28;2057;Villiers;032 853 14 18;bc2.clemesin@gmail.com;https://www.clemesin.ch/metairie_temp/;https://www.clemesin.ch/metairie_temp/assets/files/mets_ete_26.pdf;Cuisine régionale suisse;;;;;;;;;;;;;
Café-Restaurant Métairie de Clémesin;Route de Clémesin 28;2057;Villiers;032 853 14 18;bc2.clemesin@gmail.com;https://www.clemesin.ch/metairie_temp/;https://www.clemesin.ch/metairie_temp/assets/files/mets_ete_26.pdf;Cuisine régionale suisse;;;;;;;;;;;;;
Café-Restaurant Métairie de Clémesin;Route de Clémesin 28;2057;Villiers;032 853 14 18;bc2.clemesin@gmail.com;https://www.clemesin.ch/metairie_temp/;https://www.clemesin.ch/metairie_temp/assets/files/mets_ete_26.pdf;Cuisine régionale suisse;;;;;;;;;;;;;
Café-Restaurant Métairie de Clémesin;Route de Clémesin 28;2057;Villiers;032 853 14 18;bc2.clemesin@gmail.com;https://www.clemesin.ch/metairie_temp/;https://www.clemesin.ch/metairie_temp/assets/files/mets_ete_26.pdf;Cuisine régionale suisse;;;;;;;;;;;;;
Café-Restaurant Métairie de Clémesin;Route de Clémesin 28;2057;Villiers;032 853 14 18;bc2.clemesin@gmail.com;https://www.clemesin.ch/metairie_temp/;https://www.clemesin.ch/metairie_temp/assets/files/mets_ete_26.pdf;Cuisine régionale suisse;;;;;;;;;;;;;
Café-Restaurant Métairie de Clémesin;Route de Clémesin 28;2057;Villiers;032 853 14 18;bc2.clemesin@gmail.com;https://www.clemesin.ch/metairie_temp/;https://www.clemesin.ch/metairie_temp/assets/files/mets_ete_26.pdf;Cuisine régionale suisse;;;;;;;;;;;;;
Café-Restaurant Métairie de Clémesin;Route de Clémesin 28;2057;Villiers;032 853 14 18;bc2.clemesin@gmail.com;https://www.clemesin.ch/metairie_temp/;https://www.clemesin.ch/metairie_temp/assets/files/mets_ete_26.pdf;Cuisine régionale suisse;;;;;;;;;;;;;
Café-Restaurant Métairie de Clémesin;Route de Clémesin 28;2057;Villiers;032 853 14 18;bc2.clemesin@gmail.com;https://www.clemesin.ch/metairie_temp/;https://www.clemesin.ch/metairie_temp/assets/files/mets_ete_26.pdf;Cuisine régionale suisse;;;;;;;;;;;;;
Café-Restaurant Métairie de Clémesin;Route de Clémesin 28;2057;Villiers;032 853 14 18;bc2.clemesin@gmail.com;https://www.clemesin.ch/metairie_temp/;https://www.clemesin.ch/metairie_temp/assets/files/mets_ete_26.pdf;Cuisine régionale suisse;;;;;;;;;;;;;
Café-Restaurant Métairie de Clémesin;Route de Clémesin 28;2057;Villiers;032 853 14 18;bc2.clemesin@gmail.com;https://www.clemesin.ch/metairie_temp/;https://www.clemesin.ch/metairie_temp/assets/files/mets_ete_26.pdf;Cuisine régionale suisse;;;;;;;;;;;;;
Café-Restaurant Métairie de Clémesin;Route de Clémesin 28;2057;Villiers;032 853 14 18;bc2.clemesin@gmail.com;https://www.clemesin.ch/metairie_temp/;https://www.clemesin.ch/metairie_temp/assets/files/mets_ete_26.pdf;Cuisine régionale suisse;;;;;;;;;;;;;
Café-Restaurant Métairie de Clémesin;Route de Clémesin 28;2057;Villiers;032 853 14 18;bc2.clemesin@gmail.com;https://www.clemesin.ch/metairie_temp/;https://www.clemesin.ch/metairie_temp/assets/files/mets_ete_26.pdf;Cuisine régionale suisse;;;;;;;;;;;;;
Café-Restaurant Métairie de Clémesin;Route de Clémesin 28;2057;Villiers;032 853 14 18;bc2.clemesin@gmail.com;https://www.clemesin.ch/metairie_temp/;https://www.clemesin.ch/metairie_temp/assets/files/mets_ete_26.pdf;Cuisine régionale suisse;;;;;;;;;;;;;
Café-Restaurant Métairie de Clémesin;Route de Clémesin 28;2057;Villiers;032 853 14 18;bc2.clemesin@gmail.com;https://www.clemesin.ch/metairie_temp/;https://www.clemesin.ch/metairie_temp/assets/files/mets_ete_26.pdf;Cuisine régionale suisse;;;;;;;;;;;;;
Café-Restaurant Métairie de Clémesin;Route de Clémesin 28;2057;Villiers;032 853 14 18;bc2.clemesin@gmail.com;https://www.clemesin.ch/metairie_temp/;https://www.clemesin.ch/metairie_temp/assets/files/mets_ete_26.pdf;Cuisine régionale suisse;;;;;;;;;;;;;
Café-Restaurant Métairie de Clémesin;Route de Clémesin 28;2057;Villiers;032 853 14 18;bc2.clemesin@gmail.com;https://www.clemesin.ch/metairie_temp/;https://www.clemesin.ch/metairie_temp/assets/files/mets_ete_26.pdf;Cuisine régionale suisse;;;;;;;;;;;;;
Café-Restaurant Métairie de Clémesin;Route de Clémesin 28;2057;Villiers;032 853 14 18;bc2.clemesin@gmail.com;https://www.clemesin.ch/metairie_temp/;https://www.clemesin.ch/metairie_temp/assets/files/mets_ete_26.pdf;Cuisine régionale suisse;;;;;;;;;;;;;
Café-Restaurant Métairie de Clémesin;Route de Clémesin 28;2057;Villiers;032 853 14 18;bc2.clemesin@gmail.com;https://www.clemesin.ch/metairie_temp/;https://www.clemesin.ch/metairie_temp/assets/files/mets_ete_26.pdf;Cuisine régionale suisse;;;;;;;;;;;;;
Café-Restaurant Métairie de Clémesin;Route de Clémesin 28;2057;Villiers;032 853 14 18;bc2.clemesin@gmail.com;https://www.clemesin.ch/metairie_temp/;https://www.clemesin.ch/metairie_temp/assets/files/mets_ete_26.pdf;Cuisine régionale suisse;;;;;;;;;;;;;
Café-Restaurant Métairie de Clémesin;Route de Clémesin 28;2057;Villiers;032 853 14 18;bc2.clemesin@gmail.com;https://www.clemesin.ch/metairie_temp/;https://www.clemesin.ch/metairie_temp/assets/files/mets_ete_26.pdf;Cuisine régionale suisse;;;;;;;;;;;;;
Café-Restaurant Métairie de Clémesin;Route de Clémesin 28;2057;Villiers;032 853 14 18;bc2.clemesin@gmail.com;https://www.clemesin.ch/metairie_temp/;https://www.clemesin.ch/metairie_temp/assets/files/mets_ete_26.pdf;Cuisine régionale suisse;;;;;;;;;;;;;
Café-Restaurant Métairie de Clémesin;Route de Clémesin 28;2057;Villiers;032 853 14 18;bc2.clemesin@gmail.com;https://www.clemesin.ch/metairie_temp/;https://www.clemesin.ch/metairie_temp/assets/files/mets_ete_26.pdf;Cuisine régionale suisse;;;;;;;;;;;;;
Café-Restaurant Métairie de Clémesin;Route de Clémesin 28;2057;Villiers;032 853 14 18;bc2.clemesin@gmail.com;https://www.clemesin.ch/metairie_temp/;https://www.clemesin.ch/metairie_temp/assets/files/mets_ete_26.pdf;Cuisine régionale suisse;;;;;;;;;;;;;
Café-Restaurant Métairie de Clémesin;Route de Clémesin 28;2057;Villiers;032 853 14 18;bc2.clemesin@gmail.com;https://www.clemesin.ch/metairie_temp/;https://www.clemesin.ch/metairie_temp/assets/files/mets_ete_26.pdf;Cuisine régionale suisse;;;;;;;;;;;;;
Café-Restaurant Métairie de Clémesin;Route de Clémesin 28;2057;Villiers;032 853 14 18;bc2.clemesin@gmail.com;https://www.clemesin.ch/metairie_temp/;https://www.clemesin.ch/metairie_temp/assets/files/mets_ete_26.pdf;Cuisine régionale suisse;;;;;;;;;;;;;
Café-Restaurant Métairie de Clémesin;Route de Clémesin 28;2057;Villiers;032 853 14 18;bc2.clemesin@gmail.com;https://www.clemesin.ch/metairie_temp/;https://www.clemesin.ch/metairie_temp/assets/files/mets_ete_26.pdf;Cuisine régionale suisse;;;;;;;;;;;;;
Café-Restaurant Métairie de Clémesin;Route de Clémesin 28;2057;Villiers;032 853 14 18;bc2.clemesin@gmail.com;https://www.clemesin.ch/metairie_temp/;https://www.clemesin.ch/metairie_temp/assets/files/mets_ete_26.pdf;Cuisine régionale suisse;;;;;;;;;;;;;
Café-Restaurant Métairie de Clémesin;Route de Clémesin 28;2057;Villiers;032 853 14 18;bc2.clemesin@gmail.com;https://www.clemesin.ch/metairie_temp/;https://www.clemesin.ch/metairie_temp/assets/files/mets_ete_26.pdf;Cuisine régionale suisse;;;;;;;;;;;;;
Café-Restaurant Métairie de Clémesin;Route de Clémesin 28;2057;Villiers;032 853 14 18;bc2.clemesin@gmail.com;https://www.clemesin.ch/metairie_temp/;https://www.clemesin.ch/metairie_temp/assets/files/mets_ete_26.pdf;Cuisine régionale suisse;;;;;;;;;;;;;
Café-Restaurant Métairie de Clémesin;Route de Clémesin 28;2057;Villiers;032 853 14 18;bc2.clemesin@gmail.com;https://www.clemesin.ch/metairie_temp/;https://www.clemesin.ch/metairie_temp/assets/files/mets_ete_26.pdf;Cuisine régionale suisse;;;;;;;;;;;;;
Café-Restaurant Métairie de Clémesin;Route de Clémesin 28;2057;Villiers;032 853 14 18;bc2.clemesin@gmail.com;https://www.clemesin.ch/metairie_temp/;https://www.clemesin.ch/metairie_temp/assets/files/mets_ete_26.pdf;Cuisine régionale suisse;;;;;;;;;;;;;
Café-Restaurant Métairie de Clémesin;Route de Clémesin 28;2057;Villiers;032 853 14 18;bc2.clemesin@gmail.com;https://www.clemesin.ch/metairie_temp/;https://www.clemesin.ch/metairie_temp/assets/files/mets_ete_26.pdf;Cuisine régionale suisse;;;;;;;;;;;;;
Café-Restaurant Métairie de Clémesin;Route de Clémesin 28;2057;Villiers;032 853 14 18;bc2.clemesin@gmail.com;https://www.clemesin.ch/metairie_temp/;https://www.clemesin.ch/metairie_temp/assets/files/mets_ete_26.pdf;Cuisine régionale suisse;;;;;;;;;;;;;
Café-Restaurant Métairie de Clémesin;Route de Clémesin 28;2057;Villiers;032 853 14 18;bc2.clemesin@gmail.com;https://www.clemesin.ch/metairie_temp/;https://www.clemesin.ch/metairie_temp/assets/files/mets_ete_26.pdf;Cuisine régionale suisse;;;;;;;;;;;;;
Café-Restaurant Métairie de Clémesin;Route de Clémesin 28;2057;Villiers;032 853 14 18;bc2.clemesin@gmail.com;https://www.clemesin.ch/metairie_temp/;https://www.clemesin.ch/metairie_temp/assets/files/mets_ete_26.pdf;Cuisine régionale suisse;;;;;;;;;;;;;
Café-Restaurant Métairie de Clémesin;Route de Clémesin 28;2057;Villiers;032 853 14 18;bc2.clemesin@gmail.com;https://www.clemesin.ch/metairie_temp/;https://www.clemesin.ch/metairie_temp/assets/files/mets_ete_26.pdf;Cuisine régionale suisse;;;;;;;;;;;;;
Café-Restaurant Métairie de Clémesin;Route de Clémesin 28;2057;Villiers;032 853 14 18;bc2.clemesin@gmail.com;https://www.clemesin.ch/metairie_temp/;https://www.clemesin.ch/metairie_temp/assets/files/mets_ete_26.pdf;Cuisine régionale suisse;;;;;;;;;;;;;
Café-Restaurant Métairie de Clémesin;Route de Clémesin 28;2057;Villiers;032 853 14 18;bc2.clemesin@gmail.com;https://www.clemesin.ch/metairie_temp/;https://www.clemesin.ch/metairie_temp/assets/files/mets_ete_26.pdf;Cuisine régionale suisse;;;;;;;;;;;;;
Café-Restaurant Métairie de Clémesin;Route de Clémesin 28;2057;Villiers;032 853 14 18;bc2.clemesin@gmail.com;https://www.clemesin.ch/metairie_temp/;https://www.clemesin.ch/metairie_temp/assets/files/mets_ete_26.pdf;Cuisine régionale suisse;;;;;;;;;;;;;
Café-Restaurant Métairie de Clémesin;Route de Clémesin 28;2057;Villiers;032 853 14 18;bc2.clemesin@gmail.com;https://www.clemesin.ch/metairie_temp/;https://www.clemesin.ch/metairie_temp/assets/files/mets_ete_26.pdf;Cuisine régionale suisse;;;;;;;;;;;;;
Café-Restaurant Métairie de Clémesin;Route de Clémesin 28;2057;Villiers;032 853 14 18;bc2.clemesin@gmail.com;https://www.clemesin.ch/metairie_temp/;https://www.clemesin.ch/metairie_temp/assets/files/mets_ete_26.pdf;Cuisine régionale suisse;;;;;;;;;;;;;
Restaurant Le Joran;Quai Philippe-Suchard 1;2000;Neuchâtel;+41 32 731 07 57;;https://www.restaulejoran.ch;https://www.restaulejoran.ch;Cuisine familiale, française, brasserie;Oui;"Mardi-jeudi 08:30-22:30 ; vendredi 08:30-23:30 ; samedi 10:00-00:00 ; dimanche 10:00-22:00";Lundi;2026;12.08.2026;12.08.2026;12.08.2026;Source en ligne;Site officiel / carte officielle en ligne;Fondues;Fondue Chinoise – Trio bœuf, poulet, cheval;"Bouillon aromatisé aux légumes frais, champignons et vermicelles de riz ; 300 g de viande par personne ; pommes frites et riz pilaf ; sauces et garnitures";40
Restaurant Le Joran;Quai Philippe-Suchard 1;2000;Neuchâtel;+41 32 731 07 57;;https://www.restaulejoran.ch;https://www.restaulejoran.ch;Cuisine familiale, française, brasserie;Oui;"Mardi-jeudi 08:30-22:30 ; vendredi 08:30-23:30 ; samedi 10:00-00:00 ; dimanche 10:00-22:00";Lundi;2026;12.08.2026;12.08.2026;12.08.2026;Source en ligne;Site officiel / carte officielle en ligne;Fondues;Fondue Chinoise – Duo bœuf et poulet;"300 g de viande par personne ; pommes frites et riz pilaf ; sauces et garnitures";40
Restaurant Le Joran;Quai Philippe-Suchard 1;2000;Neuchâtel;+41 32 731 07 57;;https://www.restaulejoran.ch;https://www.restaulejoran.ch;Cuisine familiale, française, brasserie;Oui;"Mardi-jeudi 08:30-22:30 ; vendredi 08:30-23:30 ; samedi 10:00-00:00 ; dimanche 10:00-22:00";Lundi;2026;12.08.2026;12.08.2026;12.08.2026;Source en ligne;Site officiel / carte officielle en ligne;Fondues;Fondue Chinoise – Duo cheval et poulet;"300 g de viande par personne ; pommes frites et riz pilaf ; sauces et garnitures";40
Restaurant Le Joran;Quai Philippe-Suchard 1;2000;Neuchâtel;+41 32 731 07 57;;https://www.restaulejoran.ch;https://www.restaulejoran.ch;Cuisine familiale, française, brasserie;Oui;"Mardi-jeudi 08:30-22:30 ; vendredi 08:30-23:30 ; samedi 10:00-00:00 ; dimanche 10:00-22:00";Lundi;2026;12.08.2026;12.08.2026;12.08.2026;Source en ligne;Site officiel / carte officielle en ligne;Fondues;Fondue Chinoise – Duo bœuf et cheval;"300 g de viande par personne ; pommes frites et riz pilaf ; sauces et garnitures";42
Restaurant Le Joran;Quai Philippe-Suchard 1;2000;Neuchâtel;+41 32 731 07 57;;https://www.restaulejoran.ch;https://www.restaulejoran.ch;Cuisine familiale, française, brasserie;Oui;"Mardi-jeudi 08:30-22:30 ; vendredi 08:30-23:30 ; samedi 10:00-00:00 ; dimanche 10:00-22:00";Lundi;2026;12.08.2026;12.08.2026;12.08.2026;Source en ligne;Site officiel / carte officielle en ligne;Fondues;Fondue Joran – Trio bœuf, poulet, cheval;"Fond de viande mijoté et épicé ; 300 g de viande par personne ; pommes frites et riz pilaf ; sauces et garnitures";40
Restaurant Le Joran;Quai Philippe-Suchard 1;2000;Neuchâtel;+41 32 731 07 57;;https://www.restaulejoran.ch;https://www.restaulejoran.ch;Cuisine familiale, française, brasserie;Oui;"Mardi-jeudi 08:30-22:30 ; vendredi 08:30-23:30 ; samedi 10:00-00:00 ; dimanche 10:00-22:00";Lundi;2026;12.08.2026;12.08.2026;12.08.2026;Source en ligne;Site officiel / carte officielle en ligne;Fondues;Fondue Joran – Duo bœuf et poulet;"Fond de viande mijoté et épicé ; 300 g de viande par personne";40
Restaurant Le Joran;Quai Philippe-Suchard 1;2000;Neuchâtel;+41 32 731 07 57;;https://www.restaulejoran.ch;https://www.restaulejoran.ch;Cuisine familiale, française, brasserie;Oui;"Mardi-jeudi 08:30-22:30 ; vendredi 08:30-23:30 ; samedi 10:00-00:00 ; dimanche 10:00-22:00";Lundi;2026;12.08.2026;12.08.2026;12.08.2026;Source en ligne;Site officiel / carte officielle en ligne;Fondues;Fondue Joran – Duo cheval et poulet;"Fond de viande mijoté et épicé ; 300 g de viande par personne";40
Restaurant Le Joran;Quai Philippe-Suchard 1;2000;Neuchâtel;+41 32 731 07 57;;https://www.restaulejoran.ch;https://www.restaulejoran.ch;Cuisine familiale, française, brasserie;Oui;"Mardi-jeudi 08:30-22:30 ; vendredi 08:30-23:30 ; samedi 10:00-00:00 ; dimanche 10:00-22:00";Lundi;2026;12.08.2026;12.08.2026;12.08.2026;Source en ligne;Site officiel / carte officielle en ligne;Fondues;Fondue Joran – Duo bœuf et cheval;"Fond de viande mijoté et épicé ; 300 g de viande par personne";42
Restaurant Le Joran;Quai Philippe-Suchard 1;2000;Neuchâtel;+41 32 731 07 57;;https://www.restaulejoran.ch;https://www.restaulejoran.ch;Cuisine familiale, française, brasserie;Oui;"Mardi-jeudi 08:30-22:30 ; vendredi 08:30-23:30 ; samedi 10:00-00:00 ; dimanche 10:00-22:00";Lundi;2026;12.08.2026;12.08.2026;12.08.2026;Source en ligne;Site officiel / carte officielle en ligne;Entrées;Salade verte;;7.50
Restaurant Le Joran;Quai Philippe-Suchard 1;2000;Neuchâtel;+41 32 731 07 57;;https://www.restaulejoran.ch;https://www.restaulejoran.ch;Cuisine familiale, française, brasserie;Oui;"Mardi-jeudi 08:30-22:30 ; vendredi 08:30-23:30 ; samedi 10:00-00:00 ; dimanche 10:00-22:00";Lundi;2026;12.08.2026;12.08.2026;12.08.2026;Source en ligne;Site officiel / carte officielle en ligne;Entrées;Salade mêlée;;12
Restaurant Le Joran;Quai Philippe-Suchard 1;2000;Neuchâtel;+41 32 731 07 57;;https://www.restaulejoran.ch;https://www.restaulejoran.ch;Cuisine familiale, française, brasserie;Oui;"Mardi-jeudi 08:30-22:30 ; vendredi 08:30-23:30 ; samedi 10:00-00:00 ; dimanche 10:00-22:00";Lundi;2026;12.08.2026;12.08.2026;12.08.2026;Source en ligne;Site officiel / carte officielle en ligne;Entrées;Cocktail de crevettes;;15
Restaurant Le Joran;Quai Philippe-Suchard 1;2000;Neuchâtel;+41 32 731 07 57;;https://www.restaulejoran.ch;https://www.restaulejoran.ch;Cuisine familiale, française, brasserie;Oui;"Mardi-jeudi 08:30-22:30 ; vendredi 08:30-23:30 ; samedi 10:00-00:00 ; dimanche 10:00-22:00";Lundi;2026;12.08.2026;12.08.2026;12.08.2026;Source en ligne;Site officiel / carte officielle en ligne;Entrées;Escargots de Bourgogne – 6 pièces;Beurre maison;12
Restaurant Le Joran;Quai Philippe-Suchard 1;2000;Neuchâtel;+41 32 731 07 57;;https://www.restaulejoran.ch;https://www.restaulejoran.ch;Cuisine familiale, française, brasserie;Oui;"Mardi-jeudi 08:30-22:30 ; vendredi 08:30-23:30 ; samedi 10:00-00:00 ; dimanche 10:00-22:00";Lundi;2026;12.08.2026;12.08.2026;12.08.2026;Source en ligne;Site officiel / carte officielle en ligne;Entrées;Escargots de Bourgogne – 12 pièces;Beurre maison;20
Restaurant Le Joran;Quai Philippe-Suchard 1;2000;Neuchâtel;+41 32 731 07 57;;https://www.restaulejoran.ch;https://www.restaulejoran.ch;Cuisine familiale, française, brasserie;Oui;"Mardi-jeudi 08:30-22:30 ; vendredi 08:30-23:30 ; samedi 10:00-00:00 ; dimanche 10:00-22:00";Lundi;2026;12.08.2026;12.08.2026;12.08.2026;Source en ligne;Site officiel / carte officielle en ligne;Entrées;Steak tartare de bœuf;Toasts, beurre et pommes frites;28
Restaurant Le Joran;Quai Philippe-Suchard 1;2000;Neuchâtel;+41 32 731 07 57;;https://www.restaulejoran.ch;https://www.restaulejoran.ch;Cuisine familiale, française, brasserie;Oui;"Mardi-jeudi 08:30-22:30 ; vendredi 08:30-23:30 ; samedi 10:00-00:00 ; dimanche 10:00-22:00";Lundi;2026;12.08.2026;12.08.2026;12.08.2026;Source en ligne;Site officiel / carte officielle en ligne;Entrées;Tartare de saumon;Toasts, beurre et pommes frites;28
Restaurant Le Joran;Quai Philippe-Suchard 1;2000;Neuchâtel;+41 32 731 07 57;;https://www.restaulejoran.ch;https://www.restaulejoran.ch;Cuisine familiale, française, brasserie;Oui;"Mardi-jeudi 08:30-22:30 ; vendredi 08:30-23:30 ; samedi 10:00-00:00 ; dimanche 10:00-22:00";Lundi;2026;12.08.2026;12.08.2026;12.08.2026;Source en ligne;Site officiel / carte officielle en ligne;Entrées;Filets de perche meunière;Pommes frites;28
Restaurant Le Joran;Quai Philippe-Suchard 1;2000;Neuchâtel;+41 32 731 07 57;;https://www.restaulejoran.ch;https://www.restaulejoran.ch;Cuisine familiale, française, brasserie;Oui;"Mardi-jeudi 08:30-22:30 ; vendredi 08:30-23:30 ; samedi 10:00-00:00 ; dimanche 10:00-22:00";Lundi;2026;12.08.2026;12.08.2026;12.08.2026;Source en ligne;Site officiel / carte officielle en ligne;Entrées;Cuisses de grenouilles à la provençale;Pommes frites;29
Restaurant Le Joran;Quai Philippe-Suchard 1;2000;Neuchâtel;+41 32 731 07 57;;https://www.restaulejoran.ch;https://www.restaulejoran.ch;Cuisine familiale, française, brasserie;Oui;"Mardi-jeudi 08:30-22:30 ; vendredi 08:30-23:30 ; samedi 10:00-00:00 ; dimanche 10:00-22:00";Lundi;2026;12.08.2026;12.08.2026;12.08.2026;Source en ligne;Site officiel / carte officielle en ligne;Viandes;Steak de cheval 180 g;Garniture au choix : pommes frites, tagliatelles ou riz et salade ou légumes;27
Restaurant Le Joran;Quai Philippe-Suchard 1;2000;Neuchâtel;+41 32 731 07 57;;https://www.restaulejoran.ch;https://www.restaulejoran.ch;Cuisine familiale, française, brasserie;Oui;"Mardi-jeudi 08:30-22:30 ; vendredi 08:30-23:30 ; samedi 10:00-00:00 ; dimanche 10:00-22:00";Lundi;2026;12.08.2026;12.08.2026;12.08.2026;Source en ligne;Site officiel / carte officielle en ligne;Viandes;Entrecôte de cheval 220 g;Garniture au choix : pommes frites, tagliatelles ou riz et salade ou légumes;33
Restaurant Le Joran;Quai Philippe-Suchard 1;2000;Neuchâtel;+41 32 731 07 57;;https://www.restaulejoran.ch;https://www.restaulejoran.ch;Cuisine familiale, française, brasserie;Oui;"Mardi-jeudi 08:30-22:30 ; vendredi 08:30-23:30 ; samedi 10:00-00:00 ; dimanche 10:00-22:00";Lundi;2026;12.08.2026;12.08.2026;12.08.2026;Source en ligne;Site officiel / carte officielle en ligne;Viandes;Steak de bœuf 180 g;Garniture au choix : pommes frites, tagliatelles ou riz et salade ou légumes;31
Restaurant Le Joran;Quai Philippe-Suchard 1;2000;Neuchâtel;+41 32 731 07 57;;https://www.restaulejoran.ch;https://www.restaulejoran.ch;Cuisine familiale, française, brasserie;Oui;"Mardi-jeudi 08:30-22:30 ; vendredi 08:30-23:30 ; samedi 10:00-00:00 ; dimanche 10:00-22:00";Lundi;2026;12.08.2026;12.08.2026;12.08.2026;Source en ligne;Site officiel / carte officielle en ligne;Viandes;Entrecôte de bœuf 220 g;Garniture au choix : pommes frites, tagliatelles ou riz et salade ou légumes;39
Restaurant Le Joran;Quai Philippe-Suchard 1;2000;Neuchâtel;+41 32 731 07 57;;https://www.restaulejoran.ch;https://www.restaulejoran.ch;Cuisine familiale, française, brasserie;Oui;"Mardi-jeudi 08:30-22:30 ; vendredi 08:30-23:30 ; samedi 10:00-00:00 ; dimanche 10:00-22:00";Lundi;2026;12.08.2026;12.08.2026;12.08.2026;Source en ligne;Site officiel / carte officielle en ligne;Sauces;Sauce Joran;Spécialité maison;5
Restaurant Le Joran;Quai Philippe-Suchard 1;2000;Neuchâtel;+41 32 731 07 57;;https://www.restaulejoran.ch;https://www.restaulejoran.ch;Cuisine familiale, française, brasserie;Oui;"Mardi-jeudi 08:30-22:30 ; vendredi 08:30-23:30 ; samedi 10:00-00:00 ; dimanche 10:00-22:00";Lundi;2026;12.08.2026;12.08.2026;12.08.2026;Source en ligne;Site officiel / carte officielle en ligne;Sauces;Sauce poivre vert;;5
Restaurant Le Joran;Quai Philippe-Suchard 1;2000;Neuchâtel;+41 32 731 07 57;;https://www.restaulejoran.ch;https://www.restaulejoran.ch;Cuisine familiale, française, brasserie;Oui;"Mardi-jeudi 08:30-22:30 ; vendredi 08:30-23:30 ; samedi 10:00-00:00 ; dimanche 10:00-22:00";Lundi;2026;12.08.2026;12.08.2026;12.08.2026;Source en ligne;Site officiel / carte officielle en ligne;Sauces;Sauce béarnaise;;5
Restaurant Le Joran;Quai Philippe-Suchard 1;2000;Neuchâtel;+41 32 731 07 57;;https://www.restaulejoran.ch;https://www.restaulejoran.ch;Cuisine familiale, française, brasserie;Oui;"Mardi-jeudi 08:30-22:30 ; vendredi 08:30-23:30 ; samedi 10:00-00:00 ; dimanche 10:00-22:00";Lundi;2026;12.08.2026;12.08.2026;12.08.2026;Source en ligne;Site officiel / carte officielle en ligne;Sauces;Sauce forestière;;5
Restaurant Le Joran;Quai Philippe-Suchard 1;2000;Neuchâtel;+41 32 731 07 57;;https://www.restaulejoran.ch;https://www.restaulejoran.ch;Cuisine familiale, française, brasserie;Oui;"Mardi-jeudi 08:30-22:30 ; vendredi 08:30-23:30 ; samedi 10:00-00:00 ; dimanche 10:00-22:00";Lundi;2026;12.08.2026;12.08.2026;12.08.2026;Source en ligne;Site officiel / carte officielle en ligne;Sauces;Sauce aux morilles;;10
Restaurant Le Joran;Quai Philippe-Suchard 1;2000;Neuchâtel;+41 32 731 07 57;;https://www.restaulejoran.ch;https://www.restaulejoran.ch;Cuisine familiale, française, brasserie;Oui;"Mardi-jeudi 08:30-22:30 ; vendredi 08:30-23:30 ; samedi 10:00-00:00 ; dimanche 10:00-22:00";Lundi;2026;12.08.2026;12.08.2026;12.08.2026;Source en ligne;Site officiel / carte officielle en ligne;Végétariens;Sauté de tofu et légumes au curry rouge;Accompagné de riz;29.50
Restaurant Le Joran;Quai Philippe-Suchard 1;2000;Neuchâtel;+41 32 731 07 57;;https://www.restaulejoran.ch;https://www.restaulejoran.ch;Cuisine familiale, française, brasserie;Oui;"Mardi-jeudi 08:30-22:30 ; vendredi 08:30-23:30 ; samedi 10:00-00:00 ; dimanche 10:00-22:00";Lundi;2026;12.08.2026;12.08.2026;12.08.2026;Source en ligne;Site officiel / carte officielle en ligne;Végétariens;Sauté de tofu et légumes à la citronnelle;Accompagné de riz;29.50
Restaurant Le Joran;Quai Philippe-Suchard 1;2000;Neuchâtel;+41 32 731 07 57;;https://www.restaulejoran.ch;https://www.restaulejoran.ch;Cuisine familiale, française, brasserie;Oui;"Mardi-jeudi 08:30-22:30 ; vendredi 08:30-23:30 ; samedi 10:00-00:00 ; dimanche 10:00-22:00";Lundi;2026;12.08.2026;12.08.2026;12.08.2026;Source en ligne;Site officiel / carte officielle en ligne;Poissons;Filets de perche meunière;Pommes nature ou frites ou riz, salade mêlée et sauce tartare;39
Restaurant Le Joran;Quai Philippe-Suchard 1;2000;Neuchâtel;+41 32 731 07 57;;https://www.restaulejoran.ch;https://www.restaulejoran.ch;Cuisine familiale, française, brasserie;Oui;"Mardi-jeudi 08:30-22:30 ; vendredi 08:30-23:30 ; samedi 10:00-00:00 ; dimanche 10:00-22:00";Lundi;2026;12.08.2026;12.08.2026;12.08.2026;Source en ligne;Site officiel / carte officielle en ligne;Poissons;Filets de perche aux amandes;Pommes nature ou frites ou riz, salade mêlée et sauce tartare;40
Restaurant Le Joran;Quai Philippe-Suchard 1;2000;Neuchâtel;+41 32 731 07 57;;https://www.restaulejoran.ch;https://www.restaulejoran.ch;Cuisine familiale, française, brasserie;Oui;"Mardi-jeudi 08:30-22:30 ; vendredi 08:30-23:30 ; samedi 10:00-00:00 ; dimanche 10:00-22:00";Lundi;2026;12.08.2026;12.08.2026;12.08.2026;Source en ligne;Site officiel / carte officielle en ligne;Poissons;Sauté de crevettes au curry rouge et lait de coco;Riz et salade mêlée;39
Restaurant Le Joran;Quai Philippe-Suchard 1;2000;Neuchâtel;+41 32 731 07 57;;https://www.restaulejoran.ch;https://www.restaulejoran.ch;Cuisine familiale, française, brasserie;Oui;"Mardi-jeudi 08:30-22:30 ; vendredi 08:30-23:30 ; samedi 10:00-00:00 ; dimanche 10:00-22:00";Lundi;2026;12.08.2026;12.08.2026;12.08.2026;Source en ligne;Site officiel / carte officielle en ligne;Poissons;Sauté de crevettes à la citronnelle;Riz et salade mêlée;39
Restaurant Le Joran;Quai Philippe-Suchard 1;2000;Neuchâtel;+41 32 731 07 57;;https://www.restaulejoran.ch;https://www.restaulejoran.ch;Cuisine familiale, française, brasserie;Oui;"Mardi-jeudi 08:30-22:30 ; vendredi 08:30-23:30 ; samedi 10:00-00:00 ; dimanche 10:00-22:00";Lundi;2026;12.08.2026;12.08.2026;12.08.2026;Source en ligne;Site officiel / carte officielle en ligne;Spécialités;Steak tartare de bœuf;Toasts et beurre, pommes frites et salade mêlée;36
Restaurant Le Joran;Quai Philippe-Suchard 1;2000;Neuchâtel;+41 32 731 07 57;;https://www.restaulejoran.ch;https://www.restaulejoran.ch;Cuisine familiale, française, brasserie;Oui;"Mardi-jeudi 08:30-22:30 ; vendredi 08:30-23:30 ; samedi 10:00-00:00 ; dimanche 10:00-22:00";Lundi;2026;12.08.2026;12.08.2026;12.08.2026;Source en ligne;Site officiel / carte officielle en ligne;Spécialités;Cuisses de grenouilles à la provençale;Pommes frites et salade mêlée;45
Restaurant Le Joran;Quai Philippe-Suchard 1;2000;Neuchâtel;+41 32 731 07 57;;https://www.restaulejoran.ch;https://www.restaulejoran.ch;Cuisine familiale, française, brasserie;Oui;"Mardi-jeudi 08:30-22:30 ; vendredi 08:30-23:30 ; samedi 10:00-00:00 ; dimanche 10:00-22:00";Lundi;2026;12.08.2026;12.08.2026;12.08.2026;Source en ligne;Site officiel / carte officielle en ligne;Spécialités;La Joranaise;"Entrecôte de bœuf tranchée et dressée sur le beurre maison ; pommes frites et salade mêlée";45
Restaurant Le Joran;Quai Philippe-Suchard 1;2000;Neuchâtel;+41 32 731 07 57;;https://www.restaulejoran.ch;https://www.restaulejoran.ch;Cuisine familiale, française, brasserie;Oui;"Mardi-jeudi 08:30-22:30 ; vendredi 08:30-23:30 ; samedi 10:00-00:00 ; dimanche 10:00-22:00";Lundi;2026;12.08.2026;12.08.2026;12.08.2026;Source en ligne;Site officiel / carte officielle en ligne;Pâtes;Tagliatelle Bolognese;;23
Restaurant Le Joran;Quai Philippe-Suchard 1;2000;Neuchâtel;+41 32 731 07 57;;https://www.restaulejoran.ch;https://www.restaulejoran.ch;Cuisine familiale, française, brasserie;Oui;"Mardi-jeudi 08:30-22:30 ; vendredi 08:30-23:30 ; samedi 10:00-00:00 ; dimanche 10:00-22:00";Lundi;2026;12.08.2026;12.08.2026;12.08.2026;Source en ligne;Site officiel / carte officielle en ligne;Pâtes;Tagliatelle aux morilles;;29
Restaurant Le Joran;Quai Philippe-Suchard 1;2000;Neuchâtel;+41 32 731 07 57;;https://www.restaulejoran.ch;https://www.restaulejoran.ch;Cuisine familiale, française, brasserie;Oui;"Mardi-jeudi 08:30-22:30 ; vendredi 08:30-23:30 ; samedi 10:00-00:00 ; dimanche 10:00-22:00";Lundi;2026;12.08.2026;12.08.2026;12.08.2026;Source en ligne;Site officiel / carte officielle en ligne;Menu enfant;Nuggets de poulet;Pommes frites;12.50
Restaurant Le Joran;Quai Philippe-Suchard 1;2000;Neuchâtel;+41 32 731 07 57;;https://www.restaulejoran.ch;https://www.restaulejoran.ch;Cuisine familiale, française, brasserie;Oui;"Mardi-jeudi 08:30-22:30 ; vendredi 08:30-23:30 ; samedi 10:00-00:00 ; dimanche 10:00-22:00";Lundi;2026;12.08.2026;12.08.2026;12.08.2026;Source en ligne;Site officiel / carte officielle en ligne;Menu enfant;Jambon blanc;Pommes frites;12.50
Restaurant Le Joran;Quai Philippe-Suchard 1;2000;Neuchâtel;+41 32 731 07 57;;https://www.restaulejoran.ch;https://www.restaulejoran.ch;Cuisine familiale, française, brasserie;Oui;"Mardi-jeudi 08:30-22:30 ; vendredi 08:30-23:30 ; samedi 10:00-00:00 ; dimanche 10:00-22:00";Lundi;2026;12.08.2026;12.08.2026;12.08.2026;Source en ligne;Site officiel / carte officielle en ligne;Menu enfant;Tagliatelle bolognaise;;12.50
Restaurant Le Joran;Quai Philippe-Suchard 1;2000;Neuchâtel;+41 32 731 07 57;;https://www.restaulejoran.ch;https://www.restaulejoran.ch;Cuisine familiale, française, brasserie;Oui;"Mardi-jeudi 08:30-22:30 ; vendredi 08:30-23:30 ; samedi 10:00-00:00 ; dimanche 10:00-22:00";Lundi;2026;12.08.2026;12.08.2026;12.08.2026;Source en ligne;Site officiel / carte officielle en ligne;Menu enfant;Steak de bœuf;Pommes frites et légumes;15.50
Restaurant Le Joran;Quai Philippe-Suchard 1;2000;Neuchâtel;+41 32 731 07 57;;https://www.restaulejoran.ch;https://www.restaulejoran.ch;Cuisine familiale, française, brasserie;Oui;"Mardi-jeudi 08:30-22:30 ; vendredi 08:30-23:30 ; samedi 10:00-00:00 ; dimanche 10:00-22:00";Lundi;2026;12.08.2026;12.08.2026;12.08.2026;Source en ligne;Site officiel / carte officielle en ligne;Desserts;Assiette de fromages;;12
Restaurant Le Joran;Quai Philippe-Suchard 1;2000;Neuchâtel;+41 32 731 07 57;;https://www.restaulejoran.ch;https://www.restaulejoran.ch;Cuisine familiale, française, brasserie;Oui;"Mardi-jeudi 08:30-22:30 ; vendredi 08:30-23:30 ; samedi 10:00-00:00 ; dimanche 10:00-22:00";Lundi;2026;12.08.2026;12.08.2026;12.08.2026;Source en ligne;Site officiel / carte officielle en ligne;Desserts;Parfait glacé à la Fée verte, Baileys, Limoncello;;12
Restaurant Le Joran;Quai Philippe-Suchard 1;2000;Neuchâtel;+41 32 731 07 57;;https://www.restaulejoran.ch;https://www.restaulejoran.ch;Cuisine familiale, française, brasserie;Oui;"Mardi-jeudi 08:30-22:30 ; vendredi 08:30-23:30 ; samedi 10:00-00:00 ; dimanche 10:00-22:00";Lundi;2026;12.08.2026;12.08.2026;12.08.2026;Source en ligne;Site officiel / carte officielle en ligne;Desserts;Profiteroles au chocolat;;12
Restaurant Le Joran;Quai Philippe-Suchard 1;2000;Neuchâtel;+41 32 731 07 57;;https://www.restaulejoran.ch;https://www.restaulejoran.ch;Cuisine familiale, française, brasserie;Oui;"Mardi-jeudi 08:30-22:30 ; vendredi 08:30-23:30 ; samedi 10:00-00:00 ; dimanche 10:00-22:00";Lundi;2026;12.08.2026;12.08.2026;12.08.2026;Source en ligne;Site officiel / carte officielle en ligne;Desserts;Crème brûlée;;12
Restaurant Le Joran;Quai Philippe-Suchard 1;2000;Neuchâtel;+41 32 731 07 57;;https://www.restaulejoran.ch;https://www.restaulejoran.ch;Cuisine familiale, française, brasserie;Oui;"Mardi-jeudi 08:30-22:30 ; vendredi 08:30-23:30 ; samedi 10:00-00:00 ; dimanche 10:00-22:00";Lundi;2026;12.08.2026;12.08.2026;12.08.2026;Source en ligne;Site officiel / carte officielle en ligne;Desserts;Moelleux au chocolat et glace vanille;;13
Restaurant Le Joran;Quai Philippe-Suchard 1;2000;Neuchâtel;+41 32 731 07 57;;https://www.restaulejoran.ch;https://www.restaulejoran.ch;Cuisine familiale, française, brasserie;Oui;"Mardi-jeudi 08:30-22:30 ; vendredi 08:30-23:30 ; samedi 10:00-00:00 ; dimanche 10:00-22:00";Lundi;2026;12.08.2026;12.08.2026;12.08.2026;Source en ligne;Site officiel / carte officielle en ligne;Desserts;Coupe Danemark;;11.50
Restaurant Le Joran;Quai Philippe-Suchard 1;2000;Neuchâtel;+41 32 731 07 57;;https://www.restaulejoran.ch;https://www.restaulejoran.ch;Cuisine familiale, française, brasserie;Oui;"Mardi-jeudi 08:30-22:30 ; vendredi 08:30-23:30 ; samedi 10:00-00:00 ; dimanche 10:00-22:00";Lundi;2026;12.08.2026;12.08.2026;12.08.2026;Source en ligne;Site officiel / carte officielle en ligne;Desserts;Tiramisu maison;;13
Restaurant Le Joran;Quai Philippe-Suchard 1;2000;Neuchâtel;+41 32 731 07 57;;https://www.restaulejoran.ch;https://www.restaulejoran.ch;Cuisine familiale, française, brasserie;Oui;"Mardi-jeudi 08:30-22:30 ; vendredi 08:30-23:30 ; samedi 10:00-00:00 ; dimanche 10:00-22:00";Lundi;2026;12.08.2026;12.08.2026;12.08.2026;Source en ligne;Site officiel / carte officielle en ligne;Desserts;Sorbet Colonel;;11.50
Restaurant Le Joran;Quai Philippe-Suchard 1;2000;Neuchâtel;+41 32 731 07 57;;https://www.restaulejoran.ch;https://www.restaulejoran.ch;Cuisine familiale, française, brasserie;Oui;"Mardi-jeudi 08:30-22:30 ; vendredi 08:30-23:30 ; samedi 10:00-00:00 ; dimanche 10:00-22:00";Lundi;2026;12.08.2026;12.08.2026;12.08.2026;Source en ligne;Site officiel / carte officielle en ligne;Desserts;Café glacé;;11.50
Restaurant Le Joran;Quai Philippe-Suchard 1;2000;Neuchâtel;+41 32 731 07 57;;https://www.restaulejoran.ch;https://www.restaulejoran.ch;Cuisine familiale, française, brasserie;Oui;"Mardi-jeudi 08:30-22:30 ; vendredi 08:30-23:30 ; samedi 10:00-00:00 ; dimanche 10:00-22:00";Lundi;2026;12.08.2026;12.08.2026;12.08.2026;Source en ligne;Site officiel / carte officielle en ligne;Desserts;Parfait Mocca flambé;;11.50
Restaurant Le Joran;Quai Philippe-Suchard 1;2000;Neuchâtel;+41 32 731 07 57;;https://www.restaulejoran.ch;https://www.restaulejoran.ch;Cuisine familiale, française, brasserie;Oui;"Mardi-jeudi 08:30-22:30 ; vendredi 08:30-23:30 ; samedi 10:00-00:00 ; dimanche 10:00-22:00";Lundi;2026;12.08.2026;12.08.2026;12.08.2026;Source en ligne;Site officiel / carte officielle en ligne;Desserts;Cassata Maraschino;;11
Restaurant Le Joran;Quai Philippe-Suchard 1;2000;Neuchâtel;+41 32 731 07 57;;https://www.restaulejoran.ch;https://www.restaulejoran.ch;Cuisine familiale, française, brasserie;Oui;"Mardi-jeudi 08:30-22:30 ; vendredi 08:30-23:30 ; samedi 10:00-00:00 ; dimanche 10:00-22:00";Lundi;2026;12.08.2026;12.08.2026;12.08.2026;Source en ligne;Site officiel / carte officielle en ligne;Desserts;Frappé;;10
Restaurant Le Joran;Quai Philippe-Suchard 1;2000;Neuchâtel;+41 32 731 07 57;;https://www.restaulejoran.ch;https://www.restaulejoran.ch;Cuisine familiale, française, brasserie;Oui;"Mardi-jeudi 08:30-22:30 ; vendredi 08:30-23:30 ; samedi 10:00-00:00 ; dimanche 10:00-22:00";Lundi;2026;12.08.2026;12.08.2026;12.08.2026;Source en ligne;Site officiel / carte officielle en ligne;Vins ouverts;Neuchâtel Blanc;1 dl / 2 dl / 3 dl;4 / 8 / 12
Restaurant Le Joran;Quai Philippe-Suchard 1;2000;Neuchâtel;+41 32 731 07 57;;https://www.restaulejoran.ch;https://www.restaulejoran.ch;Cuisine familiale, française, brasserie;Oui;"Mardi-jeudi 08:30-22:30 ; vendredi 08:30-23:30 ; samedi 10:00-00:00 ; dimanche 10:00-22:00";Lundi;2026;12.08.2026;12.08.2026;12.08.2026;Source en ligne;Site officiel / carte officielle en ligne;Vins ouverts;Chardonnay Genève;1 dl / 2 dl / 3 dl;6 / 12 / 18
Restaurant Le Joran;Quai Philippe-Suchard 1;2000;Neuchâtel;+41 32 731 07 57;;https://www.restaulejoran.ch;https://www.restaulejoran.ch;Cuisine familiale, française, brasserie;Oui;"Mardi-jeudi 08:30-22:30 ; vendredi 08:30-23:30 ; samedi 10:00-00:00 ; dimanche 10:00-22:00";Lundi;2026;12.08.2026;12.08.2026;12.08.2026;Source en ligne;Site officiel / carte officielle en ligne;Vins ouverts;Pinot Gris, Neuchâtel;1 dl / 2 dl / 3 dl;7 / 14 / 21
Restaurant Le Joran;Quai Philippe-Suchard 1;2000;Neuchâtel;+41 32 731 07 57;;https://www.restaulejoran.ch;https://www.restaulejoran.ch;Cuisine familiale, française, brasserie;Oui;"Mardi-jeudi 08:30-22:30 ; vendredi 08:30-23:30 ; samedi 10:00-00:00 ; dimanche 10:00-22:00";Lundi;2026;12.08.2026;12.08.2026;12.08.2026;Source en ligne;Site officiel / carte officielle en ligne;Vins ouverts;Vin blanc portugais;1 dl / 2 dl / 3 dl;5.50 / 11 / 16.50
Restaurant Le Joran;Quai Philippe-Suchard 1;2000;Neuchâtel;+41 32 731 07 57;;https://www.restaulejoran.ch;https://www.restaulejoran.ch;Cuisine familiale, française, brasserie;Oui;"Mardi-jeudi 08:30-22:30 ; vendredi 08:30-23:30 ; samedi 10:00-00:00 ; dimanche 10:00-22:00";Lundi;2026;12.08.2026;12.08.2026;12.08.2026;Source en ligne;Site officiel / carte officielle en ligne;Vins ouverts;Rosé de Goron;1 dl / 2 dl / 3 dl;4 / 8 / 12
Restaurant Le Joran;Quai Philippe-Suchard 1;2000;Neuchâtel;+41 32 731 07 57;;https://www.restaulejoran.ch;https://www.restaulejoran.ch;Cuisine familiale, française, brasserie;Oui;"Mardi-jeudi 08:30-22:30 ; vendredi 08:30-23:30 ; samedi 10:00-00:00 ; dimanche 10:00-22:00";Lundi;2026;12.08.2026;12.08.2026;12.08.2026;Source en ligne;Site officiel / carte officielle en ligne;Vins ouverts;Œil de Perdrix;1 dl / 2 dl / 3 dl;6.80 / 13.60 / 20.40
Restaurant Le Joran;Quai Philippe-Suchard 1;2000;Neuchâtel;+41 32 731 07 57;;https://www.restaulejoran.ch;https://www.restaulejoran.ch;Cuisine familiale, française, brasserie;Oui;"Mardi-jeudi 08:30-22:30 ; vendredi 08:30-23:30 ; samedi 10:00-00:00 ; dimanche 10:00-22:00";Lundi;2026;12.08.2026;12.08.2026;12.08.2026;Source en ligne;Site officiel / carte officielle en ligne;Vins ouverts;Goron;1 dl / 2 dl / 3 dl;4 / 8 / 12
Restaurant Le Joran;Quai Philippe-Suchard 1;2000;Neuchâtel;+41 32 731 07 57;;https://www.restaulejoran.ch;https://www.restaulejoran.ch;Cuisine familiale, française, brasserie;Oui;"Mardi-jeudi 08:30-22:30 ; vendredi 08:30-23:30 ; samedi 10:00-00:00 ; dimanche 10:00-22:00";Lundi;2026;12.08.2026;12.08.2026;12.08.2026;Source en ligne;Site officiel / carte officielle en ligne;Vins ouverts;Pinot Noir;1 dl / 2 dl / 3 dl;6.80 / 13.60 / 20.40
Restaurant Le Joran;Quai Philippe-Suchard 1;2000;Neuchâtel;+41 32 731 07 57;;https://www.restaulejoran.ch;https://www.restaulejoran.ch;Cuisine familiale, française, brasserie;Oui;"Mardi-jeudi 08:30-22:30 ; vendredi 08:30-23:30 ; samedi 10:00-00:00 ; dimanche 10:00-22:00";Lundi;2026;12.08.2026;12.08.2026;12.08.2026;Source en ligne;Site officiel / carte officielle en ligne;Vins ouverts;Rouge du mois;1 dl / 2 dl / 3 dl;5.50 / 11 / 16.50
Restaurant Le Joran;Quai Philippe-Suchard 1;2000;Neuchâtel;+41 32 731 07 57;;https://www.restaulejoran.ch;https://www.restaulejoran.ch;Cuisine familiale, française, brasserie;Oui;"Mardi-jeudi 08:30-22:30 ; vendredi 08:30-23:30 ; samedi 10:00-00:00 ; dimanche 10:00-22:00";Lundi;2026;12.08.2026;12.08.2026;12.08.2026;Source en ligne;Site officiel / carte officielle en ligne;Vins en pots;Chasselas Château d’Auvernier;5 dl, Auvernier;20
Restaurant Le Joran;Quai Philippe-Suchard 1;2000;Neuchâtel;+41 32 731 07 57;;https://www.restaulejoran.ch;https://www.restaulejoran.ch;Cuisine familiale, française, brasserie;Oui;"Mardi-jeudi 08:30-22:30 ; vendredi 08:30-23:30 ; samedi 10:00-00:00 ; dimanche 10:00-22:00";Lundi;2026;12.08.2026;12.08.2026;12.08.2026;Source en ligne;Site officiel / carte officielle en ligne;Vins en pots;Œil de Perdrix Château d’Auvernier;5 dl, Auvernier;34
Restaurant Le Joran;Quai Philippe-Suchard 1;2000;Neuchâtel;+41 32 731 07 57;;https://www.restaulejoran.ch;https://www.restaulejoran.ch;Cuisine familiale, française, brasserie;Oui;"Mardi-jeudi 08:30-22:30 ; vendredi 08:30-23:30 ; samedi 10:00-00:00 ; dimanche 10:00-22:00";Lundi;2026;12.08.2026;12.08.2026;12.08.2026;Source en ligne;Site officiel / carte officielle en ligne;Vins en pots;Œil de Perdrix Olivier Lavanchy;5 dl, La Coudre;34
Restaurant Le Joran;Quai Philippe-Suchard 1;2000;Neuchâtel;+41 32 731 07 57;;https://www.restaulejoran.ch;https://www.restaulejoran.ch;Cuisine familiale, française, brasserie;Oui;"Mardi-jeudi 08:30-22:30 ; vendredi 08:30-23:30 ; samedi 10:00-00:00 ; dimanche 10:00-22:00";Lundi;2026;12.08.2026;12.08.2026;12.08.2026;Source en ligne;Site officiel / carte officielle en ligne;Vins en pots;Pinot Noir Château d’Auvernier;5 dl, Auvernier;34
Restaurant Le Joran;Quai Philippe-Suchard 1;2000;Neuchâtel;+41 32 731 07 57;;https://www.restaulejoran.ch;https://www.restaulejoran.ch;Cuisine familiale, française, brasserie;Oui;"Mardi-jeudi 08:30-22:30 ; vendredi 08:30-23:30 ; samedi 10:00-00:00 ; dimanche 10:00-22:00";Lundi;2026;12.08.2026;12.08.2026;12.08.2026;Source en ligne;Site officiel / carte officielle en ligne;Vins en pots;Pinot Noir Olivier Lavanchy;5 dl, La Coudre;34
Restaurant Le Joran;Quai Philippe-Suchard 1;2000;Neuchâtel;+41 32 731 07 57;;https://www.restaulejoran.ch;https://www.restaulejoran.ch;Cuisine familiale, française, brasserie;Oui;"Mardi-jeudi 08:30-22:30 ; vendredi 08:30-23:30 ; samedi 10:00-00:00 ; dimanche 10:00-22:00";Lundi;2026;12.08.2026;12.08.2026;12.08.2026;Source en ligne;Site officiel / carte officielle en ligne;Vins en pots;Pinot Noir Roger Sandoz;5 dl, La Coudre;34
Restaurant Le Joran;Quai Philippe-Suchard 1;2000;Neuchâtel;+41 32 731 07 57;;https://www.restaulejoran.ch;https://www.restaulejoran.ch;Cuisine familiale, française, brasserie;Oui;"Mardi-jeudi 08:30-22:30 ; vendredi 08:30-23:30 ; samedi 10:00-00:00 ; dimanche 10:00-22:00";Lundi;2026;12.08.2026;12.08.2026;12.08.2026;Source en ligne;Site officiel / carte officielle en ligne;Vins en pots;Pinot Noir Cave du CEP Felix;5 dl, Cortaillod;34
Restaurant Le Joran;Quai Philippe-Suchard 1;2000;Neuchâtel;+41 32 731 07 57;;https://www.restaulejoran.ch;https://www.restaulejoran.ch;Cuisine familiale, française, brasserie;Oui;"Mardi-jeudi 08:30-22:30 ; vendredi 08:30-23:30 ; samedi 10:00-00:00 ; dimanche 10:00-22:00";Lundi;2026;12.08.2026;12.08.2026;12.08.2026;Source en ligne;Site officiel / carte officielle en ligne;Vins en pots;Pinot Noir Domaine Grisoni;5 dl, Cressier;34
Restaurant Le Joran;Quai Philippe-Suchard 1;2000;Neuchâtel;+41 32 731 07 57;;https://www.restaulejoran.ch;https://www.restaulejoran.ch;Cuisine familiale, française, brasserie;Oui;"Mardi-jeudi 08:30-22:30 ; vendredi 08:30-23:30 ; samedi 10:00-00:00 ; dimanche 10:00-22:00";Lundi;2026;12.08.2026;12.08.2026;12.08.2026;Source en ligne;Site officiel / carte officielle en ligne;Vins en pots;Pinot Noir A. Porret;5 dl, Cortaillod;34
Restaurant Le Joran;Quai Philippe-Suchard 1;2000;Neuchâtel;+41 32 731 07 57;;https://www.restaulejoran.ch;https://www.restaulejoran.ch;Cuisine familiale, française, brasserie;Oui;"Mardi-jeudi 08:30-22:30 ; vendredi 08:30-23:30 ; samedi 10:00-00:00 ; dimanche 10:00-22:00";Lundi;2026;12.08.2026;12.08.2026;12.08.2026;Source en ligne;Site officiel / carte officielle en ligne;Vins en pots;Pinot Noir Kuntzer;5 dl, Saint-Blaise;34
Restaurant Le Joran;Quai Philippe-Suchard 1;2000;Neuchâtel;+41 32 731 07 57;;https://www.restaulejoran.ch;https://www.restaulejoran.ch;Cuisine familiale, française, brasserie;Oui;"Mardi-jeudi 08:30-22:30 ; vendredi 08:30-23:30 ; samedi 10:00-00:00 ; dimanche 10:00-22:00";Lundi;2026;12.08.2026;12.08.2026;12.08.2026;Source en ligne;Site officiel / carte officielle en ligne;Vins en pots;Assemblage Mosaïque;"5 dl, Auvernier ; gamaret, garanoir et pinot noir";44
Restaurant Le Joran;Quai Philippe-Suchard 1;2000;Neuchâtel;+41 32 731 07 57;;https://www.restaulejoran.ch;https://www.restaulejoran.ch;Cuisine familiale, française, brasserie;Oui;"Mardi-jeudi 08:30-22:30 ; vendredi 08:30-23:30 ; samedi 10:00-00:00 ; dimanche 10:00-22:00";Lundi;2026;12.08.2026;12.08.2026;12.08.2026;Source en ligne;Site officiel / carte officielle en ligne;Vins bouteilles;Neuchâtel Château d’Auvernier;75 cl, blanc;37
Restaurant Le Joran;Quai Philippe-Suchard 1;2000;Neuchâtel;+41 32 731 07 57;;https://www.restaulejoran.ch;https://www.restaulejoran.ch;Cuisine familiale, française, brasserie;Oui;"Mardi-jeudi 08:30-22:30 ; vendredi 08:30-23:30 ; samedi 10:00-00:00 ; dimanche 10:00-22:00";Lundi;2026;12.08.2026;12.08.2026;12.08.2026;Source en ligne;Site officiel / carte officielle en ligne;Vins bouteilles;Œil de Perdrix Château d’Auvernier;75 cl;46
Restaurant Le Joran;Quai Philippe-Suchard 1;2000;Neuchâtel;+41 32 731 07 57;;https://www.restaulejoran.ch;https://www.restaulejoran.ch;Cuisine familiale, française, brasserie;Oui;"Mardi-jeudi 08:30-22:30 ; vendredi 08:30-23:30 ; samedi 10:00-00:00 ; dimanche 10:00-22:00";Lundi;2026;12.08.2026;12.08.2026;12.08.2026;Source en ligne;Site officiel / carte officielle en ligne;Vins bouteilles;Œil de Perdrix Olivier Lavanchy;75 cl;46
Restaurant Le Joran;Quai Philippe-Suchard 1;2000;Neuchâtel;+41 32 731 07 57;;https://www.restaulejoran.ch;https://www.restaulejoran.ch;Cuisine familiale, française, brasserie;Oui;"Mardi-jeudi 08:30-22:30 ; vendredi 08:30-23:30 ; samedi 10:00-00:00 ; dimanche 10:00-22:00";Lundi;2026;12.08.2026;12.08.2026;12.08.2026;Source en ligne;Site officiel / carte officielle en ligne;Vins bouteilles;Œil de Perdrix R. Sandoz;75 cl;46
Restaurant Le Joran;Quai Philippe-Suchard 1;2000;Neuchâtel;+41 32 731 07 57;;https://www.restaulejoran.ch;https://www.restaulejoran.ch;Cuisine familiale, française, brasserie;Oui;"Mardi-jeudi 08:30-22:30 ; vendredi 08:30-23:30 ; samedi 10:00-00:00 ; dimanche 10:00-22:00";Lundi;2026;12.08.2026;12.08.2026;12.08.2026;Source en ligne;Site officiel / carte officielle en ligne;Vins bouteilles;Chardonnay Château d’Auvernier;75 cl;49
Restaurant Le Joran;Quai Philippe-Suchard 1;2000;Neuchâtel;+41 32 731 07 57;;https://www.restaulejoran.ch;https://www.restaulejoran.ch;Cuisine familiale, française, brasserie;Oui;"Mardi-jeudi 08:30-22:30 ; vendredi 08:30-23:30 ; samedi 10:00-00:00 ; dimanche 10:00-22:00";Lundi;2026;12.08.2026;12.08.2026;12.08.2026;Source en ligne;Site officiel / carte officielle en ligne;Vins bouteilles;Pinot Gris Château d’Auvernier;75 cl;49
Restaurant Le Joran;Quai Philippe-Suchard 1;2000;Neuchâtel;+41 32 731 07 57;;https://www.restaulejoran.ch;https://www.restaulejoran.ch;Cuisine familiale, française, brasserie;Oui;"Mardi-jeudi 08:30-22:30 ; vendredi 08:30-23:30 ; samedi 10:00-00:00 ; dimanche 10:00-22:00";Lundi;2026;12.08.2026;12.08.2026;12.08.2026;Source en ligne;Site officiel / carte officielle en ligne;Vins bouteilles;Pinot Noir Château d’Auvernier;75 cl;47
Restaurant Le Joran;Quai Philippe-Suchard 1;2000;Neuchâtel;+41 32 731 07 57;;https://www.restaulejoran.ch;https://www.restaulejoran.ch;Cuisine familiale, française, brasserie;Oui;"Mardi-jeudi 08:30-22:30 ; vendredi 08:30-23:30 ; samedi 10:00-00:00 ; dimanche 10:00-22:00";Lundi;2026;12.08.2026;12.08.2026;12.08.2026;Source en ligne;Site officiel / carte officielle en ligne;Vins bouteilles;Pinot Noir Olivier Lavanchy;75 cl;47
Restaurant Le Joran;Quai Philippe-Suchard 1;2000;Neuchâtel;+41 32 731 07 57;;https://www.restaulejoran.ch;https://www.restaulejoran.ch;Cuisine familiale, française, brasserie;Oui;"Mardi-jeudi 08:30-22:30 ; vendredi 08:30-23:30 ; samedi 10:00-00:00 ; dimanche 10:00-22:00";Lundi;2026;12.08.2026;12.08.2026;12.08.2026;Source en ligne;Site officiel / carte officielle en ligne;Vins bouteilles;Pinot Noir Roger Sandoz;75 cl;47
Restaurant Le Joran;Quai Philippe-Suchard 1;2000;Neuchâtel;+41 32 731 07 57;;https://www.restaulejoran.ch;https://www.restaulejoran.ch;Cuisine familiale, française, brasserie;Oui;"Mardi-jeudi 08:30-22:30 ; vendredi 08:30-23:30 ; samedi 10:00-00:00 ; dimanche 10:00-22:00";Lundi;2026;12.08.2026;12.08.2026;12.08.2026;Source en ligne;Site officiel / carte officielle en ligne;Vins bouteilles;Pinot Noir Cave du CEP;75 cl;47
Restaurant Le Joran;Quai Philippe-Suchard 1;2000;Neuchâtel;+41 32 731 07 57;;https://www.restaulejoran.ch;https://www.restaulejoran.ch;Cuisine familiale, française, brasserie;Oui;"Mardi-jeudi 08:30-22:30 ; vendredi 08:30-23:30 ; samedi 10:00-00:00 ; dimanche 10:00-22:00";Lundi;2026;12.08.2026;12.08.2026;12.08.2026;Source en ligne;Site officiel / carte officielle en ligne;Vins bouteilles;Pinot Noir Grisoni;75 cl;47
Restaurant Le Joran;Quai Philippe-Suchard 1;2000;Neuchâtel;+41 32 731 07 57;;https://www.restaulejoran.ch;https://www.restaulejoran.ch;Cuisine familiale, française, brasserie;Oui;"Mardi-jeudi 08:30-22:30 ; vendredi 08:30-23:30 ; samedi 10:00-00:00 ; dimanche 10:00-22:00";Lundi;2026;12.08.2026;12.08.2026;12.08.2026;Source en ligne;Site officiel / carte officielle en ligne;Vins bouteilles;Pinot Noir Porret;75 cl;51
Restaurant Le Joran;Quai Philippe-Suchard 1;2000;Neuchâtel;+41 32 731 07 57;;https://www.restaulejoran.ch;https://www.restaulejoran.ch;Cuisine familiale, française, brasserie;Oui;"Mardi-jeudi 08:30-22:30 ; vendredi 08:30-23:30 ; samedi 10:00-00:00 ; dimanche 10:00-22:00";Lundi;2026;12.08.2026;12.08.2026;12.08.2026;Source en ligne;Site officiel / carte officielle en ligne;Vins bouteilles;Pinot Noir Kuntzer;75 cl;51
Restaurant Le Joran;Quai Philippe-Suchard 1;2000;Neuchâtel;+41 32 731 07 57;;https://www.restaulejoran.ch;https://www.restaulejoran.ch;Cuisine familiale, française, brasserie;Oui;"Mardi-jeudi 08:30-22:30 ; vendredi 08:30-23:30 ; samedi 10:00-00:00 ; dimanche 10:00-22:00";Lundi;2026;12.08.2026;12.08.2026;12.08.2026;Source en ligne;Site officiel / carte officielle en ligne;Vins bouteilles;Assemblage Mosaïque;"75 cl ; gamaret, garanoir et pinot noir";69
Restaurant Le Joran;Quai Philippe-Suchard 1;2000;Neuchâtel;+41 32 731 07 57;;https://www.restaulejoran.ch;https://www.restaulejoran.ch;Cuisine familiale, française, brasserie;Oui;"Mardi-jeudi 08:30-22:30 ; vendredi 08:30-23:30 ; samedi 10:00-00:00 ; dimanche 10:00-22:00";Lundi;2026;12.08.2026;12.08.2026;12.08.2026;Source en ligne;Site officiel / carte officielle en ligne;Vins étrangers;Pays d’Oc – Le Mas de Vessière;75 cl, France;45
Restaurant Le Joran;Quai Philippe-Suchard 1;2000;Neuchâtel;+41 32 731 07 57;;https://www.restaulejoran.ch;https://www.restaulejoran.ch;Cuisine familiale, française, brasserie;Oui;"Mardi-jeudi 08:30-22:30 ; vendredi 08:30-23:30 ; samedi 10:00-00:00 ; dimanche 10:00-22:00";Lundi;2026;12.08.2026;12.08.2026;12.08.2026;Source en ligne;Site officiel / carte officielle en ligne;Vins étrangers;Côtes du Rhône AOP 2022 – Domaine Combe Queyzare;75 cl, France;49
Restaurant Le Joran;Quai Philippe-Suchard 1;2000;Neuchâtel;+41 32 731 07 57;;https://www.restaulejoran.ch;https://www.restaulejoran.ch;Cuisine familiale, française, brasserie;Oui;"Mardi-jeudi 08:30-22:30 ; vendredi 08:30-23:30 ; samedi 10:00-00:00 ; dimanche 10:00-22:00";Lundi;2026;12.08.2026;12.08.2026;12.08.2026;Source en ligne;Site officiel / carte officielle en ligne;Vins étrangers;Beaujolais AOP Coteaux du Lyonnais 2021;75 cl, France;38
Restaurant Le Joran;Quai Philippe-Suchard 1;2000;Neuchâtel;+41 32 731 07 57;;https://www.restaulejoran.ch;https://www.restaulejoran.ch;Cuisine familiale, française, brasserie;Oui;"Mardi-jeudi 08:30-22:30 ; vendredi 08:30-23:30 ; samedi 10:00-00:00 ; dimanche 10:00-22:00";Lundi;2026;12.08.2026;12.08.2026;12.08.2026;Source en ligne;Site officiel / carte officielle en ligne;Vins étrangers;Amarone della Valpolicella;75 cl, Italie;54
Restaurant Le Joran;Quai Philippe-Suchard 1;2000;Neuchâtel;+41 32 731 07 57;;https://www.restaulejoran.ch;https://www.restaulejoran.ch;Cuisine familiale, française, brasserie;Oui;"Mardi-jeudi 08:30-22:30 ; vendredi 08:30-23:30 ; samedi 10:00-00:00 ; dimanche 10:00-22:00";Lundi;2026;12.08.2026;12.08.2026;12.08.2026;Source en ligne;Site officiel / carte officielle en ligne;Vins étrangers;Negroamaro Primitivo;75 cl, Pouilles, Italie;46
Restaurant Le Joran;Quai Philippe-Suchard 1;2000;Neuchâtel;+41 32 731 07 57;;https://www.restaulejoran.ch;https://www.restaulejoran.ch;Cuisine familiale, française, brasserie;Oui;"Mardi-jeudi 08:30-22:30 ; vendredi 08:30-23:30 ; samedi 10:00-00:00 ; dimanche 10:00-22:00";Lundi;2026;12.08.2026;12.08.2026;12.08.2026;Source en ligne;Site officiel / carte officielle en ligne;Vins étrangers;Douro Pommares;75 cl, Portugal;42
Restaurant Le Joran;Quai Philippe-Suchard 1;2000;Neuchâtel;+41 32 731 07 57;;https://www.restaulejoran.ch;https://www.restaulejoran.ch;Cuisine familiale, française, brasserie;Oui;"Mardi-jeudi 08:30-22:30 ; vendredi 08:30-23:30 ; samedi 10:00-00:00 ; dimanche 10:00-22:00";Lundi;2026;12.08.2026;12.08.2026;12.08.2026;Source en ligne;Site officiel / carte officielle en ligne;Vins étrangers;Douro Grainha DOC Reserva;75 cl, Portugal;51
Restaurant Le Joran;Quai Philippe-Suchard 1;2000;Neuchâtel;+41 32 731 07 57;;https://www.restaulejoran.ch;https://www.restaulejoran.ch;Cuisine familiale, française, brasserie;Oui;"Mardi-jeudi 08:30-22:30 ; vendredi 08:30-23:30 ; samedi 10:00-00:00 ; dimanche 10:00-22:00";Lundi;2026;12.08.2026;12.08.2026;12.08.2026;Source en ligne;Site officiel / carte officielle en ligne;Vins étrangers;Herdade do Monte da Cal Vinha de Saturno;75 cl, Alentejo, Portugal;71
Restaurant Le Joran;Quai Philippe-Suchard 1;2000;Neuchâtel;+41 32 731 07 57;;https://www.restaulejoran.ch;https://www.restaulejoran.ch;Cuisine familiale, française, brasserie;Oui;"Mardi-jeudi 08:30-22:30 ; vendredi 08:30-23:30 ; samedi 10:00-00:00 ; dimanche 10:00-22:00";Lundi;2026;12.08.2026;12.08.2026;12.08.2026;Source en ligne;Site officiel / carte officielle en ligne;Vins étrangers;Pera Doce Signature;75 cl, Alentejo, Portugal;43
Restaurant Le Joran;Quai Philippe-Suchard 1;2000;Neuchâtel;+41 32 731 07 57;;https://www.restaulejoran.ch;https://www.restaulejoran.ch;Cuisine familiale, française, brasserie;Oui;"Mardi-jeudi 08:30-22:30 ; vendredi 08:30-23:30 ; samedi 10:00-00:00 ; dimanche 10:00-22:00";Lundi;2026;12.08.2026;12.08.2026;12.08.2026;Source en ligne;Site officiel / carte officielle en ligne;Vins étrangers;Mogadouro;75 cl, Trás-os-Montes, Portugal;49
Restaurant Le Joran;Quai Philippe-Suchard 1;2000;Neuchâtel;+41 32 731 07 57;;https://www.restaulejoran.ch;https://www.restaulejoran.ch;Cuisine familiale, française, brasserie;Oui;"Mardi-jeudi 08:30-22:30 ; vendredi 08:30-23:30 ; samedi 10:00-00:00 ; dimanche 10:00-22:00";Lundi;2026;12.08.2026;12.08.2026;12.08.2026;Source en ligne;Site officiel / carte officielle en ligne;Apéritifs;Absinthe 45 %;2 cl;6.50
Restaurant Le Joran;Quai Philippe-Suchard 1;2000;Neuchâtel;+41 32 731 07 57;;https://www.restaulejoran.ch;https://www.restaulejoran.ch;Cuisine familiale, française, brasserie;Oui;"Mardi-jeudi 08:30-22:30 ; vendredi 08:30-23:30 ; samedi 10:00-00:00 ; dimanche 10:00-22:00";Lundi;2026;12.08.2026;12.08.2026;12.08.2026;Source en ligne;Site officiel / carte officielle en ligne;Apéritifs;Pastis 45 %;2 cl;5
Restaurant Le Joran;Quai Philippe-Suchard 1;2000;Neuchâtel;+41 32 731 07 57;;https://www.restaulejoran.ch;https://www.restaulejoran.ch;Cuisine familiale, française, brasserie;Oui;"Mardi-jeudi 08:30-22:30 ; vendredi 08:30-23:30 ; samedi 10:00-00:00 ; dimanche 10:00-22:00";Lundi;2026;12.08.2026;12.08.2026;12.08.2026;Source en ligne;Site officiel / carte officielle en ligne;Apéritifs;Ricard 45 %;2 cl;5
Restaurant Le Joran;Quai Philippe-Suchard 1;2000;Neuchâtel;+41 32 731 07 57;;https://www.restaulejoran.ch;https://www.restaulejoran.ch;Cuisine familiale, française, brasserie;Oui;"Mardi-jeudi 08:30-22:30 ; vendredi 08:30-23:30 ; samedi 10:00-00:00 ; dimanche 10:00-22:00";Lundi;2026;12.08.2026;12.08.2026;12.08.2026;Source en ligne;Site officiel / carte officielle en ligne;Apéritifs;Cynar 16 %;4 cl;5
Restaurant Le Joran;Quai Philippe-Suchard 1;2000;Neuchâtel;+41 32 731 07 57;;https://www.restaulejoran.ch;https://www.restaulejoran.ch;Cuisine familiale, française, brasserie;Oui;"Mardi-jeudi 08:30-22:30 ; vendredi 08:30-23:30 ; samedi 10:00-00:00 ; dimanche 10:00-22:00";Lundi;2026;12.08.2026;12.08.2026;12.08.2026;Source en ligne;Site officiel / carte officielle en ligne;Apéritifs;Campari 16.5 %;4 cl;5
Restaurant Le Joran;Quai Philippe-Suchard 1;2000;Neuchâtel;+41 32 731 07 57;;https://www.restaulejoran.ch;https://www.restaulejoran.ch;Cuisine familiale, française, brasserie;Oui;"Mardi-jeudi 08:30-22:30 ; vendredi 08:30-23:30 ; samedi 10:00-00:00 ; dimanche 10:00-22:00";Lundi;2026;12.08.2026;12.08.2026;12.08.2026;Source en ligne;Site officiel / carte officielle en ligne;Apéritifs;Campari Orange;;7
Restaurant Le Joran;Quai Philippe-Suchard 1;2000;Neuchâtel;+41 32 731 07 57;;https://www.restaulejoran.ch;https://www.restaulejoran.ch;Cuisine familiale, française, brasserie;Oui;"Mardi-jeudi 08:30-22:30 ; vendredi 08:30-23:30 ; samedi 10:00-00:00 ; dimanche 10:00-22:00";Lundi;2026;12.08.2026;12.08.2026;12.08.2026;Source en ligne;Site officiel / carte officielle en ligne;Apéritifs;Suze 20 %;4 cl;5
Restaurant Le Joran;Quai Philippe-Suchard 1;2000;Neuchâtel;+41 32 731 07 57;;https://www.restaulejoran.ch;https://www.restaulejoran.ch;Cuisine familiale, française, brasserie;Oui;"Mardi-jeudi 08:30-22:30 ; vendredi 08:30-23:30 ; samedi 10:00-00:00 ; dimanche 10:00-22:00";Lundi;2026;12.08.2026;12.08.2026;12.08.2026;Source en ligne;Site officiel / carte officielle en ligne;Apéritifs;Suze Coca;;7
Restaurant Le Joran;Quai Philippe-Suchard 1;2000;Neuchâtel;+41 32 731 07 57;;https://www.restaulejoran.ch;https://www.restaulejoran.ch;Cuisine familiale, française, brasserie;Oui;"Mardi-jeudi 08:30-22:30 ; vendredi 08:30-23:30 ; samedi 10:00-00:00 ; dimanche 10:00-22:00";Lundi;2026;12.08.2026;12.08.2026;12.08.2026;Source en ligne;Site officiel / carte officielle en ligne;Apéritifs;Appenzeller 29 %;4 cl;5
Restaurant Le Joran;Quai Philippe-Suchard 1;2000;Neuchâtel;+41 32 731 07 57;;https://www.restaulejoran.ch;https://www.restaulejoran.ch;Cuisine familiale, française, brasserie;Oui;"Mardi-jeudi 08:30-22:30 ; vendredi 08:30-23:30 ; samedi 10:00-00:00 ; dimanche 10:00-22:00";Lundi;2026;12.08.2026;12.08.2026;12.08.2026;Source en ligne;Site officiel / carte officielle en ligne;Apéritifs;Porto blanc 20 %;4 cl;6.50
Restaurant Le Joran;Quai Philippe-Suchard 1;2000;Neuchâtel;+41 32 731 07 57;;https://www.restaulejoran.ch;https://www.restaulejoran.ch;Cuisine familiale, française, brasserie;Oui;"Mardi-jeudi 08:30-22:30 ; vendredi 08:30-23:30 ; samedi 10:00-00:00 ; dimanche 10:00-22:00";Lundi;2026;12.08.2026;12.08.2026;12.08.2026;Source en ligne;Site officiel / carte officielle en ligne;Apéritifs;Porto rouge 19.5 %;4 cl;6.50
Restaurant Le Joran;Quai Philippe-Suchard 1;2000;Neuchâtel;+41 32 731 07 57;;https://www.restaulejoran.ch;https://www.restaulejoran.ch;Cuisine familiale, française, brasserie;Oui;"Mardi-jeudi 08:30-22:30 ; vendredi 08:30-23:30 ; samedi 10:00-00:00 ; dimanche 10:00-22:00";Lundi;2026;12.08.2026;12.08.2026;12.08.2026;Source en ligne;Site officiel / carte officielle en ligne;Apéritifs;Martini blanc 15 %;4 cl;5
Restaurant Le Joran;Quai Philippe-Suchard 1;2000;Neuchâtel;+41 32 731 07 57;;https://www.restaulejoran.ch;https://www.restaulejoran.ch;Cuisine familiale, française, brasserie;Oui;"Mardi-jeudi 08:30-22:30 ; vendredi 08:30-23:30 ; samedi 10:00-00:00 ; dimanche 10:00-22:00";Lundi;2026;12.08.2026;12.08.2026;12.08.2026;Source en ligne;Site officiel / carte officielle en ligne;Apéritifs;Martini rouge 15 %;4 cl;5
Le Federal;Faubourg 1;2525;Le Landeron;+41 32 751 32 22;lefederalrestaurant1@gmail.com;https://lefederal.com;https://lefederal.com/menu/;Steakhouse, cuisine italienne, pizzas au feu de bois, brasero;;"Dimanche 10:00-14:00 et 17:00-22:00 ; mercredi-jeudi 10:00-14:00 et 17:00-22:00 ; vendredi-samedi 10:00-14:00 et 17:00-22:30";Lundi et mardi;11.08.2026;12.08.2026;12.08.2026;12.08.2026;Source en ligne;Site officiel / carte officielle en ligne;Entrées;Salade Verte;;6.50
Le Federal;Faubourg 1;2525;Le Landeron;+41 32 751 32 22;lefederalrestaurant1@gmail.com;https://lefederal.com;https://lefederal.com/menu/;Steakhouse, cuisine italienne, pizzas au feu de bois, brasero;;"Dimanche 10:00-14:00 et 17:00-22:00 ; mercredi-jeudi 10:00-14:00 et 17:00-22:00 ; vendredi-samedi 10:00-14:00 et 17:00-22:30";Lundi et mardi;11.08.2026;12.08.2026;12.08.2026;12.08.2026;Source en ligne;Site officiel / carte officielle en ligne;Entrées;Salade Mêlée;;8.50
Le Federal;Faubourg 1;2525;Le Landeron;+41 32 751 32 22;lefederalrestaurant1@gmail.com;https://lefederal.com;https://lefederal.com/menu/;Steakhouse, cuisine italienne, pizzas au feu de bois, brasero;;"Dimanche 10:00-14:00 et 17:00-22:00 ; mercredi-jeudi 10:00-14:00 et 17:00-22:00 ; vendredi-samedi 10:00-14:00 et 17:00-22:30";Lundi et mardi;11.08.2026;12.08.2026;12.08.2026;12.08.2026;Source en ligne;Site officiel / carte officielle en ligne;Entrées;Salade de Chèvre Chaud;Poivrons, oignons caramélisés, croûtons et sauce vinaigre blanc;14
Le Federal;Faubourg 1;2525;Le Landeron;+41 32 751 32 22;lefederalrestaurant1@gmail.com;https://lefederal.com;https://lefederal.com/menu/;Steakhouse, cuisine italienne, pizzas au feu de bois, brasero;;"Dimanche 10:00-14:00 et 17:00-22:00 ; mercredi-jeudi 10:00-14:00 et 17:00-22:00 ; vendredi-samedi 10:00-14:00 et 17:00-22:30";Lundi et mardi;11.08.2026;12.08.2026;12.08.2026;12.08.2026;Source en ligne;Site officiel / carte officielle en ligne;Entrées;Salade Caprese;Tomates, mozzarella, basilic frais, roquette, huile d'olive et vinaigre balsamique;17
Le Federal;Faubourg 1;2525;Le Landeron;+41 32 751 32 22;lefederalrestaurant1@gmail.com;https://lefederal.com;https://lefederal.com/menu/;Steakhouse, cuisine italienne, pizzas au feu de bois, brasero;;"Dimanche 10:00-14:00 et 17:00-22:00 ; mercredi-jeudi 10:00-14:00 et 17:00-22:00 ; vendredi-samedi 10:00-14:00 et 17:00-22:30";Lundi et mardi;11.08.2026;12.08.2026;12.08.2026;12.08.2026;Source en ligne;Site officiel / carte officielle en ligne;Entrées;Bruschetta Parma (IT);Jambon de Parme, mozzarella, crème de champignons au parmesan;19
Le Federal;Faubourg 1;2525;Le Landeron;+41 32 751 32 22;lefederalrestaurant1@gmail.com;https://lefederal.com;https://lefederal.com/menu/;Steakhouse, cuisine italienne, pizzas au feu de bois, brasero;;"Dimanche 10:00-14:00 et 17:00-22:00 ; mercredi-jeudi 10:00-14:00 et 17:00-22:00 ; vendredi-samedi 10:00-14:00 et 17:00-22:30";Lundi et mardi;11.08.2026;12.08.2026;12.08.2026;12.08.2026;Source en ligne;Site officiel / carte officielle en ligne;Entrées;Carpaccio de Bœuf (CH);Fines tranches de bœuf, roquette, huile d'olive et copeaux de parmesan;19
Le Federal;Faubourg 1;2525;Le Landeron;+41 32 751 32 22;lefederalrestaurant1@gmail.com;https://lefederal.com;https://lefederal.com/menu/;Steakhouse, cuisine italienne, pizzas au feu de bois, brasero;;"Dimanche 10:00-14:00 et 17:00-22:00 ; mercredi-jeudi 10:00-14:00 et 17:00-22:00 ; vendredi-samedi 10:00-14:00 et 17:00-22:30";Lundi et mardi;11.08.2026;12.08.2026;12.08.2026;12.08.2026;Source en ligne;Site officiel / carte officielle en ligne;Entrées;Os à Moelle (CH);2 pièces;14
Le Federal;Faubourg 1;2525;Le Landeron;+41 32 751 32 22;lefederalrestaurant1@gmail.com;https://lefederal.com;https://lefederal.com/menu/;Steakhouse, cuisine italienne, pizzas au feu de bois, brasero;;"Dimanche 10:00-14:00 et 17:00-22:00 ; mercredi-jeudi 10:00-14:00 et 17:00-22:00 ; vendredi-samedi 10:00-14:00 et 17:00-22:30";Lundi et mardi;11.08.2026;12.08.2026;12.08.2026;12.08.2026;Source en ligne;Site officiel / carte officielle en ligne;Entrées;Fritures de Fruits de Mer;Calamars, gambas et poulpes;20
Le Federal;Faubourg 1;2525;Le Landeron;+41 32 751 32 22;lefederalrestaurant1@gmail.com;https://lefederal.com;https://lefederal.com/menu/;Steakhouse, cuisine italienne, pizzas au feu de bois, brasero;;"Dimanche 10:00-14:00 et 17:00-22:00 ; mercredi-jeudi 10:00-14:00 et 17:00-22:00 ; vendredi-samedi 10:00-14:00 et 17:00-22:30";Lundi et mardi;11.08.2026;12.08.2026;12.08.2026;12.08.2026;Source en ligne;Site officiel / carte officielle en ligne;Menu enfant;Pâtes à la Bolognese;Spaghetti ou Penne;17
Le Federal;Faubourg 1;2525;Le Landeron;+41 32 751 32 22;lefederalrestaurant1@gmail.com;https://lefederal.com;https://lefederal.com/menu/;Steakhouse, cuisine italienne, pizzas au feu de bois, brasero;;"Dimanche 10:00-14:00 et 17:00-22:00 ; mercredi-jeudi 10:00-14:00 et 17:00-22:00 ; vendredi-samedi 10:00-14:00 et 17:00-22:30";Lundi et mardi;11.08.2026;12.08.2026;12.08.2026;12.08.2026;Source en ligne;Site officiel / carte officielle en ligne;Menu enfant;Jambon et Frites;;15
Le Federal;Faubourg 1;2525;Le Landeron;+41 32 751 32 22;lefederalrestaurant1@gmail.com;https://lefederal.com;https://lefederal.com/menu/;Steakhouse, cuisine italienne, pizzas au feu de bois, brasero;;"Dimanche 10:00-14:00 et 17:00-22:00 ; mercredi-jeudi 10:00-14:00 et 17:00-22:00 ; vendredi-samedi 10:00-14:00 et 17:00-22:30";Lundi et mardi;11.08.2026;12.08.2026;12.08.2026;12.08.2026;Source en ligne;Site officiel / carte officielle en ligne;Menu enfant;Nuggets avec Frites;;15
Le Federal;Faubourg 1;2525;Le Landeron;+41 32 751 32 22;lefederalrestaurant1@gmail.com;https://lefederal.com;https://lefederal.com/menu/;Steakhouse, cuisine italienne, pizzas au feu de bois, brasero;;"Dimanche 10:00-14:00 et 17:00-22:00 ; mercredi-jeudi 10:00-14:00 et 17:00-22:00 ; vendredi-samedi 10:00-14:00 et 17:00-22:30";Lundi et mardi;11.08.2026;12.08.2026;12.08.2026;12.08.2026;Source en ligne;Site officiel / carte officielle en ligne;Menu enfant;Burger Enfant avec Frites;;16
Le Federal;Faubourg 1;2525;Le Landeron;+41 32 751 32 22;lefederalrestaurant1@gmail.com;https://lefederal.com;https://lefederal.com/menu/;Steakhouse, cuisine italienne, pizzas au feu de bois, brasero;;"Dimanche 10:00-14:00 et 17:00-22:00 ; mercredi-jeudi 10:00-14:00 et 17:00-22:00 ; vendredi-samedi 10:00-14:00 et 17:00-22:30";Lundi et mardi;11.08.2026;12.08.2026;12.08.2026;12.08.2026;Source en ligne;Site officiel / carte officielle en ligne;Pâtes & risottos;Tortelloni aux 3 Fromages;Sauce gorgonzola, taleggio, padano;27
Le Federal;Faubourg 1;2525;Le Landeron;+41 32 751 32 22;lefederalrestaurant1@gmail.com;https://lefederal.com;https://lefederal.com/menu/;Steakhouse, cuisine italienne, pizzas au feu de bois, brasero;;"Dimanche 10:00-14:00 et 17:00-22:00 ; mercredi-jeudi 10:00-14:00 et 17:00-22:00 ; vendredi-samedi 10:00-14:00 et 17:00-22:30";Lundi et mardi;11.08.2026;12.08.2026;12.08.2026;12.08.2026;Source en ligne;Site officiel / carte officielle en ligne;Pâtes & risottos;Ravioli Ail et Sauge;Beurre noisette, ail et sauge;22
Le Federal;Faubourg 1;2525;Le Landeron;+41 32 751 32 22;lefederalrestaurant1@gmail.com;https://lefederal.com;https://lefederal.com/menu/;Steakhouse, cuisine italienne, pizzas au feu de bois, brasero;;"Dimanche 10:00-14:00 et 17:00-22:00 ; mercredi-jeudi 10:00-14:00 et 17:00-22:00 ; vendredi-samedi 10:00-14:00 et 17:00-22:30";Lundi et mardi;11.08.2026;12.08.2026;12.08.2026;12.08.2026;Source en ligne;Site officiel / carte officielle en ligne;Pâtes & risottos;Tagliatelle Bolognaise (CH);Sauce bolognaise maison;21
Le Federal;Faubourg 1;2525;Le Landeron;+41 32 751 32 22;lefederalrestaurant1@gmail.com;https://lefederal.com;https://lefederal.com/menu/;Steakhouse, cuisine italienne, pizzas au feu de bois, brasero;;"Dimanche 10:00-14:00 et 17:00-22:00 ; mercredi-jeudi 10:00-14:00 et 17:00-22:00 ; vendredi-samedi 10:00-14:00 et 17:00-22:30";Lundi et mardi;11.08.2026;12.08.2026;12.08.2026;12.08.2026;Source en ligne;Site officiel / carte officielle en ligne;Pâtes & risottos;Spaghetti Carbonara (IT);Carbonara authentique;21
Le Federal;Faubourg 1;2525;Le Landeron;+41 32 751 32 22;lefederalrestaurant1@gmail.com;https://lefederal.com;https://lefederal.com/menu/;Steakhouse, cuisine italienne, pizzas au feu de bois, brasero;;"Dimanche 10:00-14:00 et 17:00-22:00 ; mercredi-jeudi 10:00-14:00 et 17:00-22:00 ; vendredi-samedi 10:00-14:00 et 17:00-22:30";Lundi et mardi;11.08.2026;12.08.2026;12.08.2026;12.08.2026;Source en ligne;Site officiel / carte officielle en ligne;Pâtes & risottos;Tagliatelle Boscaiola (IT);Guanciale, épinards, champignons et sauce parmesan;22
Le Federal;Faubourg 1;2525;Le Landeron;+41 32 751 32 22;lefederalrestaurant1@gmail.com;https://lefederal.com;https://lefederal.com/menu/;Steakhouse, cuisine italienne, pizzas au feu de bois, brasero;;"Dimanche 10:00-14:00 et 17:00-22:00 ; mercredi-jeudi 10:00-14:00 et 17:00-22:00 ; vendredi-samedi 10:00-14:00 et 17:00-22:30";Lundi et mardi;11.08.2026;12.08.2026;12.08.2026;12.08.2026;Source en ligne;Site officiel / carte officielle en ligne;Pâtes & risottos;Linguine Vongole;Palourdes, vin blanc et basilic;25
Le Federal;Faubourg 1;2525;Le Landeron;+41 32 751 32 22;lefederalrestaurant1@gmail.com;https://lefederal.com;https://lefederal.com/menu/;Steakhouse, cuisine italienne, pizzas au feu de bois, brasero;;"Dimanche 10:00-14:00 et 17:00-22:00 ; mercredi-jeudi 10:00-14:00 et 17:00-22:00 ; vendredi-samedi 10:00-14:00 et 17:00-22:30";Lundi et mardi;11.08.2026;12.08.2026;12.08.2026;12.08.2026;Source en ligne;Site officiel / carte officielle en ligne;Pâtes & risottos;Linguine Frutti di Mare;Gambas, calamars et moules;25
Le Federal;Faubourg 1;2525;Le Landeron;+41 32 751 32 22;lefederalrestaurant1@gmail.com;https://lefederal.com;https://lefederal.com/menu/;Steakhouse, cuisine italienne, pizzas au feu de bois, brasero;;"Dimanche 10:00-14:00 et 17:00-22:00 ; mercredi-jeudi 10:00-14:00 et 17:00-22:00 ; vendredi-samedi 10:00-14:00 et 17:00-22:30";Lundi et mardi;11.08.2026;12.08.2026;12.08.2026;12.08.2026;Source en ligne;Site officiel / carte officielle en ligne;Pâtes & risottos;Risotto Bolets;Crème de parmesan et bolets;26
Le Federal;Faubourg 1;2525;Le Landeron;+41 32 751 32 22;lefederalrestaurant1@gmail.com;https://lefederal.com;https://lefederal.com/menu/;Steakhouse, cuisine italienne, pizzas au feu de bois, brasero;;"Dimanche 10:00-14:00 et 17:00-22:00 ; mercredi-jeudi 10:00-14:00 et 17:00-22:00 ; vendredi-samedi 10:00-14:00 et 17:00-22:30";Lundi et mardi;11.08.2026;12.08.2026;12.08.2026;12.08.2026;Source en ligne;Site officiel / carte officielle en ligne;Pâtes & risottos;Risotto Milanese;Copeaux de parmesan et safran;26
Le Federal;Faubourg 1;2525;Le Landeron;+41 32 751 32 22;lefederalrestaurant1@gmail.com;https://lefederal.com;https://lefederal.com/menu/;Steakhouse, cuisine italienne, pizzas au feu de bois, brasero;;"Dimanche 10:00-14:00 et 17:00-22:00 ; mercredi-jeudi 10:00-14:00 et 17:00-22:00 ; vendredi-samedi 10:00-14:00 et 17:00-22:30";Lundi et mardi;11.08.2026;12.08.2026;12.08.2026;12.08.2026;Source en ligne;Site officiel / carte officielle en ligne;Pâtes & risottos;Risotto Frutti di Mare;Gambas, calamars et moules;27
Le Federal;Faubourg 1;2525;Le Landeron;+41 32 751 32 22;lefederalrestaurant1@gmail.com;https://lefederal.com;https://lefederal.com/menu/;Steakhouse, cuisine italienne, pizzas au feu de bois, brasero;;"Dimanche 10:00-14:00 et 17:00-22:00 ; mercredi-jeudi 10:00-14:00 et 17:00-22:00 ; vendredi-samedi 10:00-14:00 et 17:00-22:30";Lundi et mardi;11.08.2026;12.08.2026;12.08.2026;12.08.2026;Source en ligne;Site officiel / carte officielle en ligne;Tartares & burgers;Tartare Fédéral – 200 g (CH);Bœuf haché au couteau, oignons rouges, cornichons, câpres, sauce maison, frites et salade;34
Le Federal;Faubourg 1;2525;Le Landeron;+41 32 751 32 22;lefederalrestaurant1@gmail.com;https://lefederal.com;https://lefederal.com/menu/;Steakhouse, cuisine italienne, pizzas au feu de bois, brasero;;"Dimanche 10:00-14:00 et 17:00-22:00 ; mercredi-jeudi 10:00-14:00 et 17:00-22:00 ; vendredi-samedi 10:00-14:00 et 17:00-22:30";Lundi et mardi;11.08.2026;12.08.2026;12.08.2026;12.08.2026;Source en ligne;Site officiel / carte officielle en ligne;Tartares & burgers;Burger Le Fédéral;Steak haché maison 180 g, salade, tomates, oignons, sauce parmesan, frites et salade;25
Le Federal;Faubourg 1;2525;Le Landeron;+41 32 751 32 22;lefederalrestaurant1@gmail.com;https://lefederal.com;https://lefederal.com/menu/;Steakhouse, cuisine italienne, pizzas au feu de bois, brasero;;"Dimanche 10:00-14:00 et 17:00-22:00 ; mercredi-jeudi 10:00-14:00 et 17:00-22:00 ; vendredi-samedi 10:00-14:00 et 17:00-22:30";Lundi et mardi;11.08.2026;12.08.2026;12.08.2026;12.08.2026;Source en ligne;Site officiel / carte officielle en ligne;Pizzas;Marguerita;Tomates, mozzarella, origan;18
Le Federal;Faubourg 1;2525;Le Landeron;+41 32 751 32 22;lefederalrestaurant1@gmail.com;https://lefederal.com;https://lefederal.com/menu/;Steakhouse, cuisine italienne, pizzas au feu de bois, brasero;;"Dimanche 10:00-14:00 et 17:00-22:00 ; mercredi-jeudi 10:00-14:00 et 17:00-22:00 ; vendredi-samedi 10:00-14:00 et 17:00-22:30";Lundi et mardi;11.08.2026;12.08.2026;12.08.2026;12.08.2026;Source en ligne;Site officiel / carte officielle en ligne;Pizzas;Napoli;Tomates, mozzarella, câpres, anchois, olives, origan;19
Le Federal;Faubourg 1;2525;Le Landeron;+41 32 751 32 22;lefederalrestaurant1@gmail.com;https://lefederal.com;https://lefederal.com/menu/;Steakhouse, cuisine italienne, pizzas au feu de bois, brasero;;"Dimanche 10:00-14:00 et 17:00-22:00 ; mercredi-jeudi 10:00-14:00 et 17:00-22:00 ; vendredi-samedi 10:00-14:00 et 17:00-22:30";Lundi et mardi;11.08.2026;12.08.2026;12.08.2026;12.08.2026;Source en ligne;Site officiel / carte officielle en ligne;Pizzas;Prosciutto;Tomates, mozzarella, jambon, origan;20
Le Federal;Faubourg 1;2525;Le Landeron;+41 32 751 32 22;lefederalrestaurant1@gmail.com;https://lefederal.com;https://lefederal.com/menu/;Steakhouse, cuisine italienne, pizzas au feu de bois, brasero;;"Dimanche 10:00-14:00 et 17:00-22:00 ; mercredi-jeudi 10:00-14:00 et 17:00-22:00 ; vendredi-samedi 10:00-14:00 et 17:00-22:30";Lundi et mardi;11.08.2026;12.08.2026;12.08.2026;12.08.2026;Source en ligne;Site officiel / carte officielle en ligne;Pizzas;Rucola;Tomates, mozzarella, padano, roquette, huile d'olive, origan;21
Le Federal;Faubourg 1;2525;Le Landeron;+41 32 751 32 22;lefederalrestaurant1@gmail.com;https://lefederal.com;https://lefederal.com/menu/;Steakhouse, cuisine italienne, pizzas au feu de bois, brasero;;"Dimanche 10:00-14:00 et 17:00-22:00 ; mercredi-jeudi 10:00-14:00 et 17:00-22:00 ; vendredi-samedi 10:00-14:00 et 17:00-22:30";Lundi et mardi;11.08.2026;12.08.2026;12.08.2026;12.08.2026;Source en ligne;Site officiel / carte officielle en ligne;Pizzas;Regina;Tomates, mozzarella, jambon, champignons;21
Le Federal;Faubourg 1;2525;Le Landeron;+41 32 751 32 22;lefederalrestaurant1@gmail.com;https://lefederal.com;https://lefederal.com/menu/;Steakhouse, cuisine italienne, pizzas au feu de bois, brasero;;"Dimanche 10:00-14:00 et 17:00-22:00 ; mercredi-jeudi 10:00-14:00 et 17:00-22:00 ; vendredi-samedi 10:00-14:00 et 17:00-22:30";Lundi et mardi;11.08.2026;12.08.2026;12.08.2026;12.08.2026;Source en ligne;Site officiel / carte officielle en ligne;Pizzas;Romana;Tomates, mozzarella, jambon, champignons, œuf, origan;22
Le Federal;Faubourg 1;2525;Le Landeron;+41 32 751 32 22;lefederalrestaurant1@gmail.com;https://lefederal.com;https://lefederal.com/menu/;Steakhouse, cuisine italienne, pizzas au feu de bois, brasero;;"Dimanche 10:00-14:00 et 17:00-22:00 ; mercredi-jeudi 10:00-14:00 et 17:00-22:00 ; vendredi-samedi 10:00-14:00 et 17:00-22:30";Lundi et mardi;11.08.2026;12.08.2026;12.08.2026;12.08.2026;Source en ligne;Site officiel / carte officielle en ligne;Pizzas;4 Saisons;Tomates, mozzarella, jambon, champignons, artichauts, poivrons;23
Le Federal;Faubourg 1;2525;Le Landeron;+41 32 751 32 22;lefederalrestaurant1@gmail.com;https://lefederal.com;https://lefederal.com/menu/;Steakhouse, cuisine italienne, pizzas au feu de bois, brasero;;"Dimanche 10:00-14:00 et 17:00-22:00 ; mercredi-jeudi 10:00-14:00 et 17:00-22:00 ; vendredi-samedi 10:00-14:00 et 17:00-22:30";Lundi et mardi;11.08.2026;12.08.2026;12.08.2026;12.08.2026;Source en ligne;Site officiel / carte officielle en ligne;Pizzas;Sicilienne;Tomates, mozzarella, jambon, câpres, poivrons;22
Le Federal;Faubourg 1;2525;Le Landeron;+41 32 751 32 22;lefederalrestaurant1@gmail.com;https://lefederal.com;https://lefederal.com/menu/;Steakhouse, cuisine italienne, pizzas au feu de bois, brasero;;"Dimanche 10:00-14:00 et 17:00-22:00 ; mercredi-jeudi 10:00-14:00 et 17:00-22:00 ; vendredi-samedi 10:00-14:00 et 17:00-22:30";Lundi et mardi;11.08.2026;12.08.2026;12.08.2026;12.08.2026;Source en ligne;Site officiel / carte officielle en ligne;Pizzas;Diavola;Tomates, mozzarella, salami piquant, ricotta;23
Le Federal;Faubourg 1;2525;Le Landeron;+41 32 751 32 22;lefederalrestaurant1@gmail.com;https://lefederal.com;https://lefederal.com/menu/;Steakhouse, cuisine italienne, pizzas au feu de bois, brasero;;"Dimanche 10:00-14:00 et 17:00-22:00 ; mercredi-jeudi 10:00-14:00 et 17:00-22:00 ; vendredi-samedi 10:00-14:00 et 17:00-22:30";Lundi et mardi;11.08.2026;12.08.2026;12.08.2026;12.08.2026;Source en ligne;Site officiel / carte officielle en ligne;Pizzas;Dolce Vita;Tomates, mozzarella, thon, oignons, tomates fraîches;23
Le Federal;Faubourg 1;2525;Le Landeron;+41 32 751 32 22;lefederalrestaurant1@gmail.com;https://lefederal.com;https://lefederal.com/menu/;Steakhouse, cuisine italienne, pizzas au feu de bois, brasero;;"Dimanche 10:00-14:00 et 17:00-22:00 ; mercredi-jeudi 10:00-14:00 et 17:00-22:00 ; vendredi-samedi 10:00-14:00 et 17:00-22:30";Lundi et mardi;11.08.2026;12.08.2026;12.08.2026;12.08.2026;Source en ligne;Site officiel / carte officielle en ligne;Pizzas;4 Fromages;Tomates, mozzarella, gorgonzola, taleggio, ricotta;23
Le Federal;Faubourg 1;2525;Le Landeron;+41 32 751 32 22;lefederalrestaurant1@gmail.com;https://lefederal.com;https://lefederal.com/menu/;Steakhouse, cuisine italienne, pizzas au feu de bois, brasero;;"Dimanche 10:00-14:00 et 17:00-22:00 ; mercredi-jeudi 10:00-14:00 et 17:00-22:00 ; vendredi-samedi 10:00-14:00 et 17:00-22:30";Lundi et mardi;11.08.2026;12.08.2026;12.08.2026;12.08.2026;Source en ligne;Site officiel / carte officielle en ligne;Pizzas;Végétarienne;Tomates, mozzarella, champignons, aubergines, courgettes;21
Le Federal;Faubourg 1;2525;Le Landeron;+41 32 751 32 22;lefederalrestaurant1@gmail.com;https://lefederal.com;https://lefederal.com/menu/;Steakhouse, cuisine italienne, pizzas au feu de bois, brasero;;"Dimanche 10:00-14:00 et 17:00-22:00 ; mercredi-jeudi 10:00-14:00 et 17:00-22:00 ; vendredi-samedi 10:00-14:00 et 17:00-22:30";Lundi et mardi;11.08.2026;12.08.2026;12.08.2026;12.08.2026;Source en ligne;Site officiel / carte officielle en ligne;Pizzas;La Fédéral;Tomates, mozzarella, jambon de Parme, padano, huile d'olive, roquette;23
Le Federal;Faubourg 1;2525;Le Landeron;+41 32 751 32 22;lefederalrestaurant1@gmail.com;https://lefederal.com;https://lefederal.com/menu/;Steakhouse, cuisine italienne, pizzas au feu de bois, brasero;;"Dimanche 10:00-14:00 et 17:00-22:00 ; mercredi-jeudi 10:00-14:00 et 17:00-22:00 ; vendredi-samedi 10:00-14:00 et 17:00-22:30";Lundi et mardi;11.08.2026;12.08.2026;12.08.2026;12.08.2026;Source en ligne;Site officiel / carte officielle en ligne;Pizzas;Calzone;Tomates, mozzarella, jambon, champignons, œuf;22
Le Federal;Faubourg 1;2525;Le Landeron;+41 32 751 32 22;lefederalrestaurant1@gmail.com;https://lefederal.com;https://lefederal.com/menu/;Steakhouse, cuisine italienne, pizzas au feu de bois, brasero;;"Dimanche 10:00-14:00 et 17:00-22:00 ; mercredi-jeudi 10:00-14:00 et 17:00-22:00 ; vendredi-samedi 10:00-14:00 et 17:00-22:30";Lundi et mardi;11.08.2026;12.08.2026;12.08.2026;12.08.2026;Source en ligne;Site officiel / carte officielle en ligne;Grillades;La Côte de Bœuf de la Région – 900 g;"Jusqu'à 3 personnes ; frites, sauces et salade";110
Le Federal;Faubourg 1;2525;Le Landeron;+41 32 751 32 22;lefederalrestaurant1@gmail.com;https://lefederal.com;https://lefederal.com/menu/;Steakhouse, cuisine italienne, pizzas au feu de bois, brasero;;"Dimanche 10:00-14:00 et 17:00-22:00 ; mercredi-jeudi 10:00-14:00 et 17:00-22:00 ; vendredi-samedi 10:00-14:00 et 17:00-22:30";Lundi et mardi;11.08.2026;12.08.2026;12.08.2026;12.08.2026;Source en ligne;Site officiel / carte officielle en ligne;Grillades;Brasero viandes – 200 g;Poulet mariné, bœuf et cheval;39
Le Federal;Faubourg 1;2525;Le Landeron;+41 32 751 32 22;lefederalrestaurant1@gmail.com;https://lefederal.com;https://lefederal.com/menu/;Steakhouse, cuisine italienne, pizzas au feu de bois, brasero;;"Dimanche 10:00-14:00 et 17:00-22:00 ; mercredi-jeudi 10:00-14:00 et 17:00-22:00 ; vendredi-samedi 10:00-14:00 et 17:00-22:30";Lundi et mardi;11.08.2026;12.08.2026;12.08.2026;12.08.2026;Source en ligne;Site officiel / carte officielle en ligne;Grillades;Brasero viandes – 300 g;Poulet mariné, bœuf et cheval;43
Le Federal;Faubourg 1;2525;Le Landeron;+41 32 751 32 22;lefederalrestaurant1@gmail.com;https://lefederal.com;https://lefederal.com/menu/;Steakhouse, cuisine italienne, pizzas au feu de bois, brasero;;"Dimanche 10:00-14:00 et 17:00-22:00 ; mercredi-jeudi 10:00-14:00 et 17:00-22:00 ; vendredi-samedi 10:00-14:00 et 17:00-22:30";Lundi et mardi;11.08.2026;12.08.2026;12.08.2026;12.08.2026;Source en ligne;Site officiel / carte officielle en ligne;Grillades;Brasero viandes – 450 g;Poulet mariné, bœuf et cheval;49
Le Federal;Faubourg 1;2525;Le Landeron;+41 32 751 32 22;lefederalrestaurant1@gmail.com;https://lefederal.com;https://lefederal.com/menu/;Steakhouse, cuisine italienne, pizzas au feu de bois, brasero;;"Dimanche 10:00-14:00 et 17:00-22:00 ; mercredi-jeudi 10:00-14:00 et 17:00-22:00 ; vendredi-samedi 10:00-14:00 et 17:00-22:30";Lundi et mardi;11.08.2026;12.08.2026;12.08.2026;12.08.2026;Source en ligne;Site officiel / carte officielle en ligne;Grillades;Brasero poissons – 200 g;Dorade, gambas et poulpes;38
Le Federal;Faubourg 1;2525;Le Landeron;+41 32 751 32 22;lefederalrestaurant1@gmail.com;https://lefederal.com;https://lefederal.com/menu/;Steakhouse, cuisine italienne, pizzas au feu de bois, brasero;;"Dimanche 10:00-14:00 et 17:00-22:00 ; mercredi-jeudi 10:00-14:00 et 17:00-22:00 ; vendredi-samedi 10:00-14:00 et 17:00-22:30";Lundi et mardi;11.08.2026;12.08.2026;12.08.2026;12.08.2026;Source en ligne;Site officiel / carte officielle en ligne;Grillades;Brasero poissons – 300 g;Dorade, gambas et poulpes;42
Le Federal;Faubourg 1;2525;Le Landeron;+41 32 751 32 22;lefederalrestaurant1@gmail.com;https://lefederal.com;https://lefederal.com/menu/;Steakhouse, cuisine italienne, pizzas au feu de bois, brasero;;"Dimanche 10:00-14:00 et 17:00-22:00 ; mercredi-jeudi 10:00-14:00 et 17:00-22:00 ; vendredi-samedi 10:00-14:00 et 17:00-22:30";Lundi et mardi;11.08.2026;12.08.2026;12.08.2026;12.08.2026;Source en ligne;Site officiel / carte officielle en ligne;Grillades;Brasero poissons – 450 g;Dorade, gambas et poulpes;48
Le Federal;Faubourg 1;2525;Le Landeron;+41 32 751 32 22;lefederalrestaurant1@gmail.com;https://lefederal.com;https://lefederal.com/menu/;Steakhouse, cuisine italienne, pizzas au feu de bois, brasero;;"Dimanche 10:00-14:00 et 17:00-22:00 ; mercredi-jeudi 10:00-14:00 et 17:00-22:00 ; vendredi-samedi 10:00-14:00 et 17:00-22:30";Lundi et mardi;11.08.2026;12.08.2026;12.08.2026;12.08.2026;Source en ligne;Site officiel / carte officielle en ligne;Ardoise;Entrecôte de Bœuf;150 g / 200 g / 300 g;26 / 32 / 39
Le Federal;Faubourg 1;2525;Le Landeron;+41 32 751 32 22;lefederalrestaurant1@gmail.com;https://lefederal.com;https://lefederal.com/menu/;Steakhouse, cuisine italienne, pizzas au feu de bois, brasero;;"Dimanche 10:00-14:00 et 17:00-22:00 ; mercredi-jeudi 10:00-14:00 et 17:00-22:00 ; vendredi-samedi 10:00-14:00 et 17:00-22:30";Lundi et mardi;11.08.2026;12.08.2026;12.08.2026;12.08.2026;Source en ligne;Site officiel / carte officielle en ligne;Ardoise;Entrecôte de Cheval;150 g / 200 g / 300 g;23 / 28 / 33
Le Federal;Faubourg 1;2525;Le Landeron;+41 32 751 32 22;lefederalrestaurant1@gmail.com;https://lefederal.com;https://lefederal.com/menu/;Steakhouse, cuisine italienne, pizzas au feu de bois, brasero;;"Dimanche 10:00-14:00 et 17:00-22:00 ; mercredi-jeudi 10:00-14:00 et 17:00-22:00 ; vendredi-samedi 10:00-14:00 et 17:00-22:30";Lundi et mardi;11.08.2026;12.08.2026;12.08.2026;12.08.2026;Source en ligne;Site officiel / carte officielle en ligne;Ardoise;Ardoise de Gambas;300 g;29
Le Federal;Faubourg 1;2525;Le Landeron;+41 32 751 32 22;lefederalrestaurant1@gmail.com;https://lefederal.com;https://lefederal.com/menu/;Steakhouse, cuisine italienne, pizzas au feu de bois, brasero;;"Dimanche 10:00-14:00 et 17:00-22:00 ; mercredi-jeudi 10:00-14:00 et 17:00-22:00 ; vendredi-samedi 10:00-14:00 et 17:00-22:30";Lundi et mardi;11.08.2026;12.08.2026;12.08.2026;12.08.2026;Source en ligne;Site officiel / carte officielle en ligne;Fondues;La Bourguignonne;"Bœuf et cheval, 250 g par personne, frites, salade et sauces ; min. 2 personnes";39
Le Federal;Faubourg 1;2525;Le Landeron;+41 32 751 32 22;lefederalrestaurant1@gmail.com;https://lefederal.com;https://lefederal.com/menu/;Steakhouse, cuisine italienne, pizzas au feu de bois, brasero;;"Dimanche 10:00-14:00 et 17:00-22:00 ; mercredi-jeudi 10:00-14:00 et 17:00-22:00 ; vendredi-samedi 10:00-14:00 et 17:00-22:30";Lundi et mardi;11.08.2026;12.08.2026;12.08.2026;12.08.2026;Source en ligne;Site officiel / carte officielle en ligne;Fondues;La Chinoise;"Bœuf et cheval, 250 g par personne, frites, salade et sauces ; min. 2 personnes";39
Le Federal;Faubourg 1;2525;Le Landeron;+41 32 751 32 22;lefederalrestaurant1@gmail.com;https://lefederal.com;https://lefederal.com/menu/;Steakhouse, cuisine italienne, pizzas au feu de bois, brasero;;"Dimanche 10:00-14:00 et 17:00-22:00 ; mercredi-jeudi 10:00-14:00 et 17:00-22:00 ; vendredi-samedi 10:00-14:00 et 17:00-22:30";Lundi et mardi;11.08.2026;12.08.2026;12.08.2026;12.08.2026;Source en ligne;Site officiel / carte officielle en ligne;Desserts;Boule de Glace;Chocolat, café, fraise, cannelle, vanille, citron, caramel, abricot, stracciatella;4
Le Federal;Faubourg 1;2525;Le Landeron;+41 32 751 32 22;lefederalrestaurant1@gmail.com;https://lefederal.com;https://lefederal.com/menu/;Steakhouse, cuisine italienne, pizzas au feu de bois, brasero;;"Dimanche 10:00-14:00 et 17:00-22:00 ; mercredi-jeudi 10:00-14:00 et 17:00-22:00 ; vendredi-samedi 10:00-14:00 et 17:00-22:30";Lundi et mardi;11.08.2026;12.08.2026;12.08.2026;12.08.2026;Source en ligne;Site officiel / carte officielle en ligne;Desserts;Sorbet Arrosé;;9
Le Federal;Faubourg 1;2525;Le Landeron;+41 32 751 32 22;lefederalrestaurant1@gmail.com;https://lefederal.com;https://lefederal.com/menu/;Steakhouse, cuisine italienne, pizzas au feu de bois, brasero;;"Dimanche 10:00-14:00 et 17:00-22:00 ; mercredi-jeudi 10:00-14:00 et 17:00-22:00 ; vendredi-samedi 10:00-14:00 et 17:00-22:30";Lundi et mardi;11.08.2026;12.08.2026;12.08.2026;12.08.2026;Source en ligne;Site officiel / carte officielle en ligne;Desserts;Glace Cannelle & Coulis de Pruneaux;;9
Le Federal;Faubourg 1;2525;Le Landeron;+41 32 751 32 22;lefederalrestaurant1@gmail.com;https://lefederal.com;https://lefederal.com/menu/;Steakhouse, cuisine italienne, pizzas au feu de bois, brasero;;"Dimanche 10:00-14:00 et 17:00-22:00 ; mercredi-jeudi 10:00-14:00 et 17:00-22:00 ; vendredi-samedi 10:00-14:00 et 17:00-22:30";Lundi et mardi;11.08.2026;12.08.2026;12.08.2026;12.08.2026;Source en ligne;Site officiel / carte officielle en ligne;Desserts;Crème Brûlée;Fait maison;9.50
Le Federal;Faubourg 1;2525;Le Landeron;+41 32 751 32 22;lefederalrestaurant1@gmail.com;https://lefederal.com;https://lefederal.com/menu/;Steakhouse, cuisine italienne, pizzas au feu de bois, brasero;;"Dimanche 10:00-14:00 et 17:00-22:00 ; mercredi-jeudi 10:00-14:00 et 17:00-22:00 ; vendredi-samedi 10:00-14:00 et 17:00-22:30";Lundi et mardi;11.08.2026;12.08.2026;12.08.2026;12.08.2026;Source en ligne;Site officiel / carte officielle en ligne;Desserts;Fondant au Chocolat;Fait maison;10
Le Federal;Faubourg 1;2525;Le Landeron;+41 32 751 32 22;lefederalrestaurant1@gmail.com;https://lefederal.com;https://lefederal.com/menu/;Steakhouse, cuisine italienne, pizzas au feu de bois, brasero;;"Dimanche 10:00-14:00 et 17:00-22:00 ; mercredi-jeudi 10:00-14:00 et 17:00-22:00 ; vendredi-samedi 10:00-14:00 et 17:00-22:30";Lundi et mardi;11.08.2026;12.08.2026;12.08.2026;12.08.2026;Source en ligne;Site officiel / carte officielle en ligne;Desserts;Mousse au Chocolat Noir;Fait maison;12
Le Federal;Faubourg 1;2525;Le Landeron;+41 32 751 32 22;lefederalrestaurant1@gmail.com;https://lefederal.com;https://lefederal.com/menu/;Steakhouse, cuisine italienne, pizzas au feu de bois, brasero;;"Dimanche 10:00-14:00 et 17:00-22:00 ; mercredi-jeudi 10:00-14:00 et 17:00-22:00 ; vendredi-samedi 10:00-14:00 et 17:00-22:30";Lundi et mardi;11.08.2026;12.08.2026;12.08.2026;12.08.2026;Source en ligne;Site officiel / carte officielle en ligne;Desserts;Tiramisu Café;Fait maison;12
Le Federal;Faubourg 1;2525;Le Landeron;+41 32 751 32 22;lefederalrestaurant1@gmail.com;https://lefederal.com;https://lefederal.com/menu/;Steakhouse, cuisine italienne, pizzas au feu de bois, brasero;;"Dimanche 10:00-14:00 et 17:00-22:00 ; mercredi-jeudi 10:00-14:00 et 17:00-22:00 ; vendredi-samedi 10:00-14:00 et 17:00-22:30";Lundi et mardi;11.08.2026;12.08.2026;12.08.2026;12.08.2026;Source en ligne;Site officiel / carte officielle en ligne;Vins rouges;Tango Gamaret-Garanoir Neuchâtel AOC 2024;;42
Le Federal;Faubourg 1;2525;Le Landeron;+41 32 751 32 22;lefederalrestaurant1@gmail.com;https://lefederal.com;https://lefederal.com/menu/;Steakhouse, cuisine italienne, pizzas au feu de bois, brasero;;"Dimanche 10:00-14:00 et 17:00-22:00 ; mercredi-jeudi 10:00-14:00 et 17:00-22:00 ; vendredi-samedi 10:00-14:00 et 17:00-22:30";Lundi et mardi;11.08.2026;12.08.2026;12.08.2026;12.08.2026;Source en ligne;Site officiel / carte officielle en ligne;Vins rouges;Pinot Noir – Neuchâtel AOC 2023 Cave des Lauriers;;43
Le Federal;Faubourg 1;2525;Le Landeron;+41 32 751 32 22;lefederalrestaurant1@gmail.com;https://lefederal.com;https://lefederal.com/menu/;Steakhouse, cuisine italienne, pizzas au feu de bois, brasero;;"Dimanche 10:00-14:00 et 17:00-22:00 ; mercredi-jeudi 10:00-14:00 et 17:00-22:00 ; vendredi-samedi 10:00-14:00 et 17:00-22:30";Lundi et mardi;11.08.2026;12.08.2026;12.08.2026;12.08.2026;Source en ligne;Site officiel / carte officielle en ligne;Vins rouges;Pinot Noir Barrique – Les Cloux 2023 Cave des Lauriers;;61
Le Federal;Faubourg 1;2525;Le Landeron;+41 32 751 32 22;lefederalrestaurant1@gmail.com;https://lefederal.com;https://lefederal.com/menu/;Steakhouse, cuisine italienne, pizzas au feu de bois, brasero;;"Dimanche 10:00-14:00 et 17:00-22:00 ; mercredi-jeudi 10:00-14:00 et 17:00-22:00 ; vendredi-samedi 10:00-14:00 et 17:00-22:30";Lundi et mardi;11.08.2026;12.08.2026;12.08.2026;12.08.2026;Source en ligne;Site officiel / carte officielle en ligne;Vins rouges;Crozes-Hermitage AOC Domaine des Entrefaux 2022;;49
Le Federal;Faubourg 1;2525;Le Landeron;+41 32 751 32 22;lefederalrestaurant1@gmail.com;https://lefederal.com;https://lefederal.com/menu/;Steakhouse, cuisine italienne, pizzas au feu de bois, brasero;;"Dimanche 10:00-14:00 et 17:00-22:00 ; mercredi-jeudi 10:00-14:00 et 17:00-22:00 ; vendredi-samedi 10:00-14:00 et 17:00-22:30";Lundi et mardi;11.08.2026;12.08.2026;12.08.2026;12.08.2026;Source en ligne;Site officiel / carte officielle en ligne;Vins rouges;Châteauneuf-du-Pape AOP Domaine Sage 2022;;68
Le Federal;Faubourg 1;2525;Le Landeron;+41 32 751 32 22;lefederalrestaurant1@gmail.com;https://lefederal.com;https://lefederal.com/menu/;Steakhouse, cuisine italienne, pizzas au feu de bois, brasero;;"Dimanche 10:00-14:00 et 17:00-22:00 ; mercredi-jeudi 10:00-14:00 et 17:00-22:00 ; vendredi-samedi 10:00-14:00 et 17:00-22:30";Lundi et mardi;11.08.2026;12.08.2026;12.08.2026;12.08.2026;Source en ligne;Site officiel / carte officielle en ligne;Vins rouges;Primitivo di Manduria DOP Primoduca 2022;;38
Le Federal;Faubourg 1;2525;Le Landeron;+41 32 751 32 22;lefederalrestaurant1@gmail.com;https://lefederal.com;https://lefederal.com/menu/;Steakhouse, cuisine italienne, pizzas au feu de bois, brasero;;"Dimanche 10:00-14:00 et 17:00-22:00 ; mercredi-jeudi 10:00-14:00 et 17:00-22:00 ; vendredi-samedi 10:00-14:00 et 17:00-22:30";Lundi et mardi;11.08.2026;12.08.2026;12.08.2026;12.08.2026;Source en ligne;Site officiel / carte officielle en ligne;Vins rouges;Cantaloro Sangiovese IGT Avignonesi 2020;;33
Le Federal;Faubourg 1;2525;Le Landeron;+41 32 751 32 22;lefederalrestaurant1@gmail.com;https://lefederal.com;https://lefederal.com/menu/;Steakhouse, cuisine italienne, pizzas au feu de bois, brasero;;"Dimanche 10:00-14:00 et 17:00-22:00 ; mercredi-jeudi 10:00-14:00 et 17:00-22:00 ; vendredi-samedi 10:00-14:00 et 17:00-22:30";Lundi et mardi;11.08.2026;12.08.2026;12.08.2026;12.08.2026;Source en ligne;Site officiel / carte officielle en ligne;Vins rouges;Quinta das Carvalhas Touriga Nacional DOC 2021;;38
Le Federal;Faubourg 1;2525;Le Landeron;+41 32 751 32 22;lefederalrestaurant1@gmail.com;https://lefederal.com;https://lefederal.com/menu/;Steakhouse, cuisine italienne, pizzas au feu de bois, brasero;;"Dimanche 10:00-14:00 et 17:00-22:00 ; mercredi-jeudi 10:00-14:00 et 17:00-22:00 ; vendredi-samedi 10:00-14:00 et 17:00-22:30";Lundi et mardi;11.08.2026;12.08.2026;12.08.2026;12.08.2026;Source en ligne;Site officiel / carte officielle en ligne;Vins rouges;Oak Cask Malbec de Mendoza 2024;;34
Le Federal;Faubourg 1;2525;Le Landeron;+41 32 751 32 22;lefederalrestaurant1@gmail.com;https://lefederal.com;https://lefederal.com/menu/;Steakhouse, cuisine italienne, pizzas au feu de bois, brasero;;"Dimanche 10:00-14:00 et 17:00-22:00 ; mercredi-jeudi 10:00-14:00 et 17:00-22:00 ; vendredi-samedi 10:00-14:00 et 17:00-22:30";Lundi et mardi;11.08.2026;12.08.2026;12.08.2026;12.08.2026;Source en ligne;Site officiel / carte officielle en ligne;Vins blancs;Pinot Gris Neuchâtel AOC Châtenay 2024 Cave des Coteaux;;43
Le Federal;Faubourg 1;2525;Le Landeron;+41 32 751 32 22;lefederalrestaurant1@gmail.com;https://lefederal.com;https://lefederal.com/menu/;Steakhouse, cuisine italienne, pizzas au feu de bois, brasero;;"Dimanche 10:00-14:00 et 17:00-22:00 ; mercredi-jeudi 10:00-14:00 et 17:00-22:00 ; vendredi-samedi 10:00-14:00 et 17:00-22:30";Lundi et mardi;11.08.2026;12.08.2026;12.08.2026;12.08.2026;Source en ligne;Site officiel / carte officielle en ligne;Vins blancs;Chardonnay Neuchâtel AOC 2024 Cave des Lauriers;;42
Le Federal;Faubourg 1;2525;Le Landeron;+41 32 751 32 22;lefederalrestaurant1@gmail.com;https://lefederal.com;https://lefederal.com/menu/;Steakhouse, cuisine italienne, pizzas au feu de bois, brasero;;"Dimanche 10:00-14:00 et 17:00-22:00 ; mercredi-jeudi 10:00-14:00 et 17:00-22:00 ; vendredi-samedi 10:00-14:00 et 17:00-22:30";Lundi et mardi;11.08.2026;12.08.2026;12.08.2026;12.08.2026;Source en ligne;Site officiel / carte officielle en ligne;Vins blancs;Entre-Deux-Mers AOC 2022 Ch. Martinon;;32
Le Federal;Faubourg 1;2525;Le Landeron;+41 32 751 32 22;lefederalrestaurant1@gmail.com;https://lefederal.com;https://lefederal.com/menu/;Steakhouse, cuisine italienne, pizzas au feu de bois, brasero;;"Dimanche 10:00-14:00 et 17:00-22:00 ; mercredi-jeudi 10:00-14:00 et 17:00-22:00 ; vendredi-samedi 10:00-14:00 et 17:00-22:30";Lundi et mardi;11.08.2026;12.08.2026;12.08.2026;12.08.2026;Source en ligne;Site officiel / carte officielle en ligne;Vins blancs;Chasselas Neuchâtel Le Charmeur 2024 Cave des Lauriers;;30
Le Federal;Faubourg 1;2525;Le Landeron;+41 32 751 32 22;lefederalrestaurant1@gmail.com;https://lefederal.com;https://lefederal.com/menu/;Steakhouse, cuisine italienne, pizzas au feu de bois, brasero;;"Dimanche 10:00-14:00 et 17:00-22:00 ; mercredi-jeudi 10:00-14:00 et 17:00-22:00 ; vendredi-samedi 10:00-14:00 et 17:00-22:30";Lundi et mardi;11.08.2026;12.08.2026;12.08.2026;12.08.2026;Source en ligne;Site officiel / carte officielle en ligne;Vins rosés;Œil-de-Perdrix – Neuchâtel AOC 2024 Cave des Lauriers;;42
Le Federal;Faubourg 1;2525;Le Landeron;+41 32 751 32 22;lefederalrestaurant1@gmail.com;https://lefederal.com;https://lefederal.com/menu/;Steakhouse, cuisine italienne, pizzas au feu de bois, brasero;;"Dimanche 10:00-14:00 et 17:00-22:00 ; mercredi-jeudi 10:00-14:00 et 17:00-22:00 ; vendredi-samedi 10:00-14:00 et 17:00-22:30";Lundi et mardi;11.08.2026;12.08.2026;12.08.2026;12.08.2026;Source en ligne;Site officiel / carte officielle en ligne;Champagne;Perrier-Jouët Grand Brut;;139
Le Federal;Faubourg 1;2525;Le Landeron;+41 32 751 32 22;lefederalrestaurant1@gmail.com;https://lefederal.com;https://lefederal.com/menu/;Steakhouse, cuisine italienne, pizzas au feu de bois, brasero;;"Dimanche 10:00-14:00 et 17:00-22:00 ; mercredi-jeudi 10:00-14:00 et 17:00-22:00 ; vendredi-samedi 10:00-14:00 et 17:00-22:30";Lundi et mardi;11.08.2026;12.08.2026;12.08.2026;12.08.2026;Source en ligne;Site officiel / carte officielle en ligne;Apéritifs;Campari 25 %;;6
Le Federal;Faubourg 1;2525;Le Landeron;+41 32 751 32 22;lefederalrestaurant1@gmail.com;https://lefederal.com;https://lefederal.com/menu/;Steakhouse, cuisine italienne, pizzas au feu de bois, brasero;;"Dimanche 10:00-14:00 et 17:00-22:00 ; mercredi-jeudi 10:00-14:00 et 17:00-22:00 ; vendredi-samedi 10:00-14:00 et 17:00-22:30";Lundi et mardi;11.08.2026;12.08.2026;12.08.2026;12.08.2026;Source en ligne;Site officiel / carte officielle en ligne;Apéritifs;Martini Rouge 15 %;;5
Le Federal;Faubourg 1;2525;Le Landeron;+41 32 751 32 22;lefederalrestaurant1@gmail.com;https://lefederal.com;https://lefederal.com/menu/;Steakhouse, cuisine italienne, pizzas au feu de bois, brasero;;"Dimanche 10:00-14:00 et 17:00-22:00 ; mercredi-jeudi 10:00-14:00 et 17:00-22:00 ; vendredi-samedi 10:00-14:00 et 17:00-22:30";Lundi et mardi;11.08.2026;12.08.2026;12.08.2026;12.08.2026;Source en ligne;Site officiel / carte officielle en ligne;Apéritifs;Martini Blanc 15 %;;5
Le Federal;Faubourg 1;2525;Le Landeron;+41 32 751 32 22;lefederalrestaurant1@gmail.com;https://lefederal.com;https://lefederal.com/menu/;Steakhouse, cuisine italienne, pizzas au feu de bois, brasero;;"Dimanche 10:00-14:00 et 17:00-22:00 ; mercredi-jeudi 10:00-14:00 et 17:00-22:00 ; vendredi-samedi 10:00-14:00 et 17:00-22:30";Lundi et mardi;11.08.2026;12.08.2026;12.08.2026;12.08.2026;Source en ligne;Site officiel / carte officielle en ligne;Apéritifs;Porto Rouge 19.5 %;;5
Le Federal;Faubourg 1;2525;Le Landeron;+41 32 751 32 22;lefederalrestaurant1@gmail.com;https://lefederal.com;https://lefederal.com/menu/;Steakhouse, cuisine italienne, pizzas au feu de bois, brasero;;"Dimanche 10:00-14:00 et 17:00-22:00 ; mercredi-jeudi 10:00-14:00 et 17:00-22:00 ; vendredi-samedi 10:00-14:00 et 17:00-22:30";Lundi et mardi;11.08.2026;12.08.2026;12.08.2026;12.08.2026;Source en ligne;Site officiel / carte officielle en ligne;Apéritifs;Suze 20 %;;5
Le Federal;Faubourg 1;2525;Le Landeron;+41 32 751 32 22;lefederalrestaurant1@gmail.com;https://lefederal.com;https://lefederal.com/menu/;Steakhouse, cuisine italienne, pizzas au feu de bois, brasero;;"Dimanche 10:00-14:00 et 17:00-22:00 ; mercredi-jeudi 10:00-14:00 et 17:00-22:00 ; vendredi-samedi 10:00-14:00 et 17:00-22:30";Lundi et mardi;11.08.2026;12.08.2026;12.08.2026;12.08.2026;Source en ligne;Site officiel / carte officielle en ligne;Apéritifs;Ricard 45 %;;5
Le Federal;Faubourg 1;2525;Le Landeron;+41 32 751 32 22;lefederalrestaurant1@gmail.com;https://lefederal.com;https://lefederal.com/menu/;Steakhouse, cuisine italienne, pizzas au feu de bois, brasero;;"Dimanche 10:00-14:00 et 17:00-22:00 ; mercredi-jeudi 10:00-14:00 et 17:00-22:00 ; vendredi-samedi 10:00-14:00 et 17:00-22:30";Lundi et mardi;11.08.2026;12.08.2026;12.08.2026;12.08.2026;Source en ligne;Site officiel / carte officielle en ligne;Vins ouverts;Chardonnay;;6
Le Federal;Faubourg 1;2525;Le Landeron;+41 32 751 32 22;lefederalrestaurant1@gmail.com;https://lefederal.com;https://lefederal.com/menu/;Steakhouse, cuisine italienne, pizzas au feu de bois, brasero;;"Dimanche 10:00-14:00 et 17:00-22:00 ; mercredi-jeudi 10:00-14:00 et 17:00-22:00 ; vendredi-samedi 10:00-14:00 et 17:00-22:30";Lundi et mardi;11.08.2026;12.08.2026;12.08.2026;12.08.2026;Source en ligne;Site officiel / carte officielle en ligne;Vins ouverts;Chasselas;;3.80
Le Federal;Faubourg 1;2525;Le Landeron;+41 32 751 32 22;lefederalrestaurant1@gmail.com;https://lefederal.com;https://lefederal.com/menu/;Steakhouse, cuisine italienne, pizzas au feu de bois, brasero;;"Dimanche 10:00-14:00 et 17:00-22:00 ; mercredi-jeudi 10:00-14:00 et 17:00-22:00 ; vendredi-samedi 10:00-14:00 et 17:00-22:30";Lundi et mardi;11.08.2026;12.08.2026;12.08.2026;12.08.2026;Source en ligne;Site officiel / carte officielle en ligne;Vins ouverts;Pinot Gris;;6
Le Federal;Faubourg 1;2525;Le Landeron;+41 32 751 32 22;lefederalrestaurant1@gmail.com;https://lefederal.com;https://lefederal.com/menu/;Steakhouse, cuisine italienne, pizzas au feu de bois, brasero;;"Dimanche 10:00-14:00 et 17:00-22:00 ; mercredi-jeudi 10:00-14:00 et 17:00-22:00 ; vendredi-samedi 10:00-14:00 et 17:00-22:30";Lundi et mardi;11.08.2026;12.08.2026;12.08.2026;12.08.2026;Source en ligne;Site officiel / carte officielle en ligne;Vins ouverts;Pinot Noir;;6
Le Federal;Faubourg 1;2525;Le Landeron;+41 32 751 32 22;lefederalrestaurant1@gmail.com;https://lefederal.com;https://lefederal.com/menu/;Steakhouse, cuisine italienne, pizzas au feu de bois, brasero;;"Dimanche 10:00-14:00 et 17:00-22:00 ; mercredi-jeudi 10:00-14:00 et 17:00-22:00 ; vendredi-samedi 10:00-14:00 et 17:00-22:30";Lundi et mardi;11.08.2026;12.08.2026;12.08.2026;12.08.2026;Source en ligne;Site officiel / carte officielle en ligne;Vins ouverts;Malbec;;5
Le Federal;Faubourg 1;2525;Le Landeron;+41 32 751 32 22;lefederalrestaurant1@gmail.com;https://lefederal.com;https://lefederal.com/menu/;Steakhouse, cuisine italienne, pizzas au feu de bois, brasero;;"Dimanche 10:00-14:00 et 17:00-22:00 ; mercredi-jeudi 10:00-14:00 et 17:00-22:00 ; vendredi-samedi 10:00-14:00 et 17:00-22:30";Lundi et mardi;11.08.2026;12.08.2026;12.08.2026;12.08.2026;Source en ligne;Site officiel / carte officielle en ligne;Vins ouverts;Primitivo;;4.50
Le Federal;Faubourg 1;2525;Le Landeron;+41 32 751 32 22;lefederalrestaurant1@gmail.com;https://lefederal.com;https://lefederal.com/menu/;Steakhouse, cuisine italienne, pizzas au feu de bois, brasero;;"Dimanche 10:00-14:00 et 17:00-22:00 ; mercredi-jeudi 10:00-14:00 et 17:00-22:00 ; vendredi-samedi 10:00-14:00 et 17:00-22:30";Lundi et mardi;11.08.2026;12.08.2026;12.08.2026;12.08.2026;Source en ligne;Site officiel / carte officielle en ligne;Vins ouverts;Goron;;3.50
Le Federal;Faubourg 1;2525;Le Landeron;+41 32 751 32 22;lefederalrestaurant1@gmail.com;https://lefederal.com;https://lefederal.com/menu/;Steakhouse, cuisine italienne, pizzas au feu de bois, brasero;;"Dimanche 10:00-14:00 et 17:00-22:00 ; mercredi-jeudi 10:00-14:00 et 17:00-22:00 ; vendredi-samedi 10:00-14:00 et 17:00-22:30";Lundi et mardi;11.08.2026;12.08.2026;12.08.2026;12.08.2026;Source en ligne;Site officiel / carte officielle en ligne;Vins ouverts;Rosé de Gamay;;4
Le Federal;Faubourg 1;2525;Le Landeron;+41 32 751 32 22;lefederalrestaurant1@gmail.com;https://lefederal.com;https://lefederal.com/menu/;Steakhouse, cuisine italienne, pizzas au feu de bois, brasero;;"Dimanche 10:00-14:00 et 17:00-22:00 ; mercredi-jeudi 10:00-14:00 et 17:00-22:00 ; vendredi-samedi 10:00-14:00 et 17:00-22:30";Lundi et mardi;11.08.2026;12.08.2026;12.08.2026;12.08.2026;Source en ligne;Site officiel / carte officielle en ligne;Vins ouverts;Œil de Perdrix;;5.50
Le Federal;Faubourg 1;2525;Le Landeron;+41 32 751 32 22;lefederalrestaurant1@gmail.com;https://lefederal.com;https://lefederal.com/menu/;Steakhouse, cuisine italienne, pizzas au feu de bois, brasero;;"Dimanche 10:00-14:00 et 17:00-22:00 ; mercredi-jeudi 10:00-14:00 et 17:00-22:00 ; vendredi-samedi 10:00-14:00 et 17:00-22:30";Lundi et mardi;11.08.2026;12.08.2026;12.08.2026;12.08.2026;Source en ligne;Site officiel / carte officielle en ligne;Vins ouverts;Prosecco;;6
Le Federal;Faubourg 1;2525;Le Landeron;+41 32 751 32 22;lefederalrestaurant1@gmail.com;https://lefederal.com;https://lefederal.com/menu/;Steakhouse, cuisine italienne, pizzas au feu de bois, brasero;;"Dimanche 10:00-14:00 et 17:00-22:00 ; mercredi-jeudi 10:00-14:00 et 17:00-22:00 ; vendredi-samedi 10:00-14:00 et 17:00-22:30";Lundi et mardi;11.08.2026;12.08.2026;12.08.2026;12.08.2026;Source en ligne;Site officiel / carte officielle en ligne;Cocktails;Spritz – Aperol / Hugo / Sarti;Prosecco, eau gazeuse, liqueur au choix;12
Le Federal;Faubourg 1;2525;Le Landeron;+41 32 751 32 22;lefederalrestaurant1@gmail.com;https://lefederal.com;https://lefederal.com/menu/;Steakhouse, cuisine italienne, pizzas au feu de bois, brasero;;"Dimanche 10:00-14:00 et 17:00-22:00 ; mercredi-jeudi 10:00-14:00 et 17:00-22:00 ; vendredi-samedi 10:00-14:00 et 17:00-22:30";Lundi et mardi;11.08.2026;12.08.2026;12.08.2026;12.08.2026;Source en ligne;Site officiel / carte officielle en ligne;Cocktails;Moscow Mule;Vodka, ginger beer, sirop de sucre de canne;12
Le Federal;Faubourg 1;2525;Le Landeron;+41 32 751 32 22;lefederalrestaurant1@gmail.com;https://lefederal.com;https://lefederal.com/menu/;Steakhouse, cuisine italienne, pizzas au feu de bois, brasero;;"Dimanche 10:00-14:00 et 17:00-22:00 ; mercredi-jeudi 10:00-14:00 et 17:00-22:00 ; vendredi-samedi 10:00-14:00 et 17:00-22:30";Lundi et mardi;11.08.2026;12.08.2026;12.08.2026;12.08.2026;Source en ligne;Site officiel / carte officielle en ligne;Cocktails;Sex on the Beach;Vodka, ananas, cranberry, liqueur de pêche;13
Le Federal;Faubourg 1;2525;Le Landeron;+41 32 751 32 22;lefederalrestaurant1@gmail.com;https://lefederal.com;https://lefederal.com/menu/;Steakhouse, cuisine italienne, pizzas au feu de bois, brasero;;"Dimanche 10:00-14:00 et 17:00-22:00 ; mercredi-jeudi 10:00-14:00 et 17:00-22:00 ; vendredi-samedi 10:00-14:00 et 17:00-22:30";Lundi et mardi;11.08.2026;12.08.2026;12.08.2026;12.08.2026;Source en ligne;Site officiel / carte officielle en ligne;Cocktails;Amaretto Breeze;Amaretto, jus de pomme, jus de citron, eau gazeuse;13
Le Federal;Faubourg 1;2525;Le Landeron;+41 32 751 32 22;lefederalrestaurant1@gmail.com;https://lefederal.com;https://lefederal.com/menu/;Steakhouse, cuisine italienne, pizzas au feu de bois, brasero;;"Dimanche 10:00-14:00 et 17:00-22:00 ; mercredi-jeudi 10:00-14:00 et 17:00-22:00 ; vendredi-samedi 10:00-14:00 et 17:00-22:30";Lundi et mardi;11.08.2026;12.08.2026;12.08.2026;12.08.2026;Source en ligne;Site officiel / carte officielle en ligne;Cocktails;Piña Colada;Rhum brun, ananas, noix de coco;13
Le Federal;Faubourg 1;2525;Le Landeron;+41 32 751 32 22;lefederalrestaurant1@gmail.com;https://lefederal.com;https://lefederal.com/menu/;Steakhouse, cuisine italienne, pizzas au feu de bois, brasero;;"Dimanche 10:00-14:00 et 17:00-22:00 ; mercredi-jeudi 10:00-14:00 et 17:00-22:00 ; vendredi-samedi 10:00-14:00 et 17:00-22:30";Lundi et mardi;11.08.2026;12.08.2026;12.08.2026;12.08.2026;Source en ligne;Site officiel / carte officielle en ligne;Cocktails;Gin Tonic;Gin, tonic;12
Le Federal;Faubourg 1;2525;Le Landeron;+41 32 751 32 22;lefederalrestaurant1@gmail.com;https://lefederal.com;https://lefederal.com/menu/;Steakhouse, cuisine italienne, pizzas au feu de bois, brasero;;"Dimanche 10:00-14:00 et 17:00-22:00 ; mercredi-jeudi 10:00-14:00 et 17:00-22:00 ; vendredi-samedi 10:00-14:00 et 17:00-22:30";Lundi et mardi;11.08.2026;12.08.2026;12.08.2026;12.08.2026;Source en ligne;Site officiel / carte officielle en ligne;Cocktails;Cocktail Sans Alcool;Ananas, cranberry, sirop de pêche;10
Brasserie Le Jura;Rue de la Treille 7;2000;Neuchâtel;+41 32 725 14 10;;https://brasserielejura.ch;https://brasserielejura.ch/la-carte/;Brasserie, terroir neuchâtelois, cuisine de saison;Oui;"Lundi-mercredi 09:30-23:00 ; jeudi-samedi 09:30-00:00 ; cuisine 11:30-14:00 et 18:30-22:00 ; carte après-midi 14:00-18:00";Dimanche;Août 2026;12.08.2026;12.08.2026;12.08.2026;Source en ligne;Site officiel / carte officielle en ligne;Entrées;Salade Verte;;6.50
Brasserie Le Jura;Rue de la Treille 7;2000;Neuchâtel;+41 32 725 14 10;;https://brasserielejura.ch;https://brasserielejura.ch/la-carte/;Brasserie, terroir neuchâtelois, cuisine de saison;Oui;"Lundi-mercredi 09:30-23:00 ; jeudi-samedi 09:30-00:00 ; cuisine 11:30-14:00 et 18:30-22:00 ; carte après-midi 14:00-18:00";Dimanche;Août 2026;12.08.2026;12.08.2026;12.08.2026;Source en ligne;Site officiel / carte officielle en ligne;Entrées;Salade Mêlée;Petite ou grande portion;9 / 17
Brasserie Le Jura;Rue de la Treille 7;2000;Neuchâtel;+41 32 725 14 10;;https://brasserielejura.ch;https://brasserielejura.ch/la-carte/;Brasserie, terroir neuchâtelois, cuisine de saison;Oui;"Lundi-mercredi 09:30-23:00 ; jeudi-samedi 09:30-00:00 ; cuisine 11:30-14:00 et 18:30-22:00 ; carte après-midi 14:00-18:00";Dimanche;Août 2026;12.08.2026;12.08.2026;12.08.2026;Source en ligne;Site officiel / carte officielle en ligne;Entrées;La Burrata;Tomate cœur de bœuf, focaccia grillée et sorbet menthe-basilic;18.50
Brasserie Le Jura;Rue de la Treille 7;2000;Neuchâtel;+41 32 725 14 10;;https://brasserielejura.ch;https://brasserielejura.ch/la-carte/;Brasserie, terroir neuchâtelois, cuisine de saison;Oui;"Lundi-mercredi 09:30-23:00 ; jeudi-samedi 09:30-00:00 ; cuisine 11:30-14:00 et 18:30-22:00 ; carte après-midi 14:00-18:00";Dimanche;Août 2026;12.08.2026;12.08.2026;12.08.2026;Source en ligne;Site officiel / carte officielle en ligne;Entrées;Gravelax d’Omble Fontaine (Suisse);Courgettes, menthe et sauce yogourt;21.50
Brasserie Le Jura;Rue de la Treille 7;2000;Neuchâtel;+41 32 725 14 10;;https://brasserielejura.ch;https://brasserielejura.ch/la-carte/;Brasserie, terroir neuchâtelois, cuisine de saison;Oui;"Lundi-mercredi 09:30-23:00 ; jeudi-samedi 09:30-00:00 ; cuisine 11:30-14:00 et 18:30-22:00 ; carte après-midi 14:00-18:00";Dimanche;Août 2026;12.08.2026;12.08.2026;12.08.2026;Source en ligne;Site officiel / carte officielle en ligne;Entrées;Gaspacho;Fait par nos soins, perlé à l’huile d’olive;15
Brasserie Le Jura;Rue de la Treille 7;2000;Neuchâtel;+41 32 725 14 10;;https://brasserielejura.ch;https://brasserielejura.ch/la-carte/;Brasserie, terroir neuchâtelois, cuisine de saison;Oui;"Lundi-mercredi 09:30-23:00 ; jeudi-samedi 09:30-00:00 ; cuisine 11:30-14:00 et 18:30-22:00 ; carte après-midi 14:00-18:00";Dimanche;Août 2026;12.08.2026;12.08.2026;12.08.2026;Source en ligne;Site officiel / carte officielle en ligne;Entrées;Le Poulpe (France);Houmous et pois chiches frais;22.50
Brasserie Le Jura;Rue de la Treille 7;2000;Neuchâtel;+41 32 725 14 10;;https://brasserielejura.ch;https://brasserielejura.ch/la-carte/;Brasserie, terroir neuchâtelois, cuisine de saison;Oui;"Lundi-mercredi 09:30-23:00 ; jeudi-samedi 09:30-00:00 ; cuisine 11:30-14:00 et 18:30-22:00 ; carte après-midi 14:00-18:00";Dimanche;Août 2026;12.08.2026;12.08.2026;12.08.2026;Source en ligne;Site officiel / carte officielle en ligne;Entrées;Cromesquis de Bœuf (Suisse);Effiloché de jarret, salade et mayonnaise LVDD;19
Brasserie Le Jura;Rue de la Treille 7;2000;Neuchâtel;+41 32 725 14 10;;https://brasserielejura.ch;https://brasserielejura.ch/la-carte/;Brasserie, terroir neuchâtelois, cuisine de saison;Oui;"Lundi-mercredi 09:30-23:00 ; jeudi-samedi 09:30-00:00 ; cuisine 11:30-14:00 et 18:30-22:00 ; carte après-midi 14:00-18:00";Dimanche;Août 2026;12.08.2026;12.08.2026;12.08.2026;Source en ligne;Site officiel / carte officielle en ligne;Entrées;Jambon cru des frères Alcala (Suisse);À Vaumarcus;25
Brasserie Le Jura;Rue de la Treille 7;2000;Neuchâtel;+41 32 725 14 10;;https://brasserielejura.ch;https://brasserielejura.ch/la-carte/;Brasserie, terroir neuchâtelois, cuisine de saison;Oui;"Lundi-mercredi 09:30-23:00 ; jeudi-samedi 09:30-00:00 ; cuisine 11:30-14:00 et 18:30-22:00 ; carte après-midi 14:00-18:00";Dimanche;Août 2026;12.08.2026;12.08.2026;12.08.2026;Source en ligne;Site officiel / carte officielle en ligne;Plats;Tacchino Tonnato;Volaille, sauce Tonnato et frites;29
Brasserie Le Jura;Rue de la Treille 7;2000;Neuchâtel;+41 32 725 14 10;;https://brasserielejura.ch;https://brasserielejura.ch/la-carte/;Brasserie, terroir neuchâtelois, cuisine de saison;Oui;"Lundi-mercredi 09:30-23:00 ; jeudi-samedi 09:30-00:00 ; cuisine 11:30-14:00 et 18:30-22:00 ; carte après-midi 14:00-18:00";Dimanche;Août 2026;12.08.2026;12.08.2026;12.08.2026;Source en ligne;Site officiel / carte officielle en ligne;Plats;La Bouillabaisse (France);Pomme de terre, fenouil, toasts grillés et rouille maison;42
Brasserie Le Jura;Rue de la Treille 7;2000;Neuchâtel;+41 32 725 14 10;;https://brasserielejura.ch;https://brasserielejura.ch/la-carte/;Brasserie, terroir neuchâtelois, cuisine de saison;Oui;"Lundi-mercredi 09:30-23:00 ; jeudi-samedi 09:30-00:00 ; cuisine 11:30-14:00 et 18:30-22:00 ; carte après-midi 14:00-18:00";Dimanche;Août 2026;12.08.2026;12.08.2026;12.08.2026;Source en ligne;Site officiel / carte officielle en ligne;Plats;Salade César;Volaille, lard, vieux Jura, câpres et sauce César;29
Brasserie Le Jura;Rue de la Treille 7;2000;Neuchâtel;+41 32 725 14 10;;https://brasserielejura.ch;https://brasserielejura.ch/la-carte/;Brasserie, terroir neuchâtelois, cuisine de saison;Oui;"Lundi-mercredi 09:30-23:00 ; jeudi-samedi 09:30-00:00 ; cuisine 11:30-14:00 et 18:30-22:00 ; carte après-midi 14:00-18:00";Dimanche;Août 2026;12.08.2026;12.08.2026;12.08.2026;Source en ligne;Site officiel / carte officielle en ligne;Plats;La Truite (Suisse);Écrasé de pommes de terre aux olives, légumes de saison, sauce vierge;38
Brasserie Le Jura;Rue de la Treille 7;2000;Neuchâtel;+41 32 725 14 10;;https://brasserielejura.ch;https://brasserielejura.ch/la-carte/;Brasserie, terroir neuchâtelois, cuisine de saison;Oui;"Lundi-mercredi 09:30-23:00 ; jeudi-samedi 09:30-00:00 ; cuisine 11:30-14:00 et 18:30-22:00 ; carte après-midi 14:00-18:00";Dimanche;Août 2026;12.08.2026;12.08.2026;12.08.2026;Source en ligne;Site officiel / carte officielle en ligne;Plats;Langoustines (France);Ravioles ouvertes, langoustines grillées, ratatouille et bisque;44
Brasserie Le Jura;Rue de la Treille 7;2000;Neuchâtel;+41 32 725 14 10;;https://brasserielejura.ch;https://brasserielejura.ch/la-carte/;Brasserie, terroir neuchâtelois, cuisine de saison;Oui;"Lundi-mercredi 09:30-23:00 ; jeudi-samedi 09:30-00:00 ; cuisine 11:30-14:00 et 18:30-22:00 ; carte après-midi 14:00-18:00";Dimanche;Août 2026;12.08.2026;12.08.2026;12.08.2026;Source en ligne;Site officiel / carte officielle en ligne;Plats;Bavette de Bœuf (Suisse);Tagliata, vieux Jura, roquette, frites et sauce Chimichurri;34
Brasserie Le Jura;Rue de la Treille 7;2000;Neuchâtel;+41 32 725 14 10;;https://brasserielejura.ch;https://brasserielejura.ch/la-carte/;Brasserie, terroir neuchâtelois, cuisine de saison;Oui;"Lundi-mercredi 09:30-23:00 ; jeudi-samedi 09:30-00:00 ; cuisine 11:30-14:00 et 18:30-22:00 ; carte après-midi 14:00-18:00";Dimanche;Août 2026;12.08.2026;12.08.2026;12.08.2026;Source en ligne;Site officiel / carte officielle en ligne;Plats;Ris de Veau (Suisse);Mousseline de pommes de terre, légumes de saison, sauce moutarde;40
Brasserie Le Jura;Rue de la Treille 7;2000;Neuchâtel;+41 32 725 14 10;;https://brasserielejura.ch;https://brasserielejura.ch/la-carte/;Brasserie, terroir neuchâtelois, cuisine de saison;Oui;"Lundi-mercredi 09:30-23:00 ; jeudi-samedi 09:30-00:00 ; cuisine 11:30-14:00 et 18:30-22:00 ; carte après-midi 14:00-18:00";Dimanche;Août 2026;12.08.2026;12.08.2026;12.08.2026;Source en ligne;Site officiel / carte officielle en ligne;Plats;Gnocchis Morilles;Sauce morille, crémeux parmesan et Vieux Jura salé;44
Brasserie Le Jura;Rue de la Treille 7;2000;Neuchâtel;+41 32 725 14 10;;https://brasserielejura.ch;https://brasserielejura.ch/la-carte/;Brasserie, terroir neuchâtelois, cuisine de saison;Oui;"Lundi-mercredi 09:30-23:00 ; jeudi-samedi 09:30-00:00 ; cuisine 11:30-14:00 et 18:30-22:00 ; carte après-midi 14:00-18:00";Dimanche;Août 2026;12.08.2026;12.08.2026;12.08.2026;Source en ligne;Site officiel / carte officielle en ligne;Classiques;Fondue de la maison Sterchi (Suisse);"200 g par personne, minimum 2 personnes ; pommes de terre +6 CHF/pers.";25
Brasserie Le Jura;Rue de la Treille 7;2000;Neuchâtel;+41 32 725 14 10;;https://brasserielejura.ch;https://brasserielejura.ch/la-carte/;Brasserie, terroir neuchâtelois, cuisine de saison;Oui;"Lundi-mercredi 09:30-23:00 ; jeudi-samedi 09:30-00:00 ; cuisine 11:30-14:00 et 18:30-22:00 ; carte après-midi 14:00-18:00";Dimanche;Août 2026;12.08.2026;12.08.2026;12.08.2026;Source en ligne;Site officiel / carte officielle en ligne;Classiques;Planchette de charcuterie (Suisse);Viande séchée, salami, jambon cru, lard sec;22.50
Brasserie Le Jura;Rue de la Treille 7;2000;Neuchâtel;+41 32 725 14 10;;https://brasserielejura.ch;https://brasserielejura.ch/la-carte/;Brasserie, terroir neuchâtelois, cuisine de saison;Oui;"Lundi-mercredi 09:30-23:00 ; jeudi-samedi 09:30-00:00 ; cuisine 11:30-14:00 et 18:30-22:00 ; carte après-midi 14:00-18:00";Dimanche;Août 2026;12.08.2026;12.08.2026;12.08.2026;Source en ligne;Site officiel / carte officielle en ligne;Classiques;Tartare de Bœuf (Suisse);"Pain feuilleté, salade et frites ; grande / petite portion";37 / 31
Brasserie Le Jura;Rue de la Treille 7;2000;Neuchâtel;+41 32 725 14 10;;https://brasserielejura.ch;https://brasserielejura.ch/la-carte/;Brasserie, terroir neuchâtelois, cuisine de saison;Oui;"Lundi-mercredi 09:30-23:00 ; jeudi-samedi 09:30-00:00 ; cuisine 11:30-14:00 et 18:30-22:00 ; carte après-midi 14:00-18:00";Dimanche;Août 2026;12.08.2026;12.08.2026;12.08.2026;Source en ligne;Site officiel / carte officielle en ligne;Classiques;Entrecôte de bœuf 200 g (Suisse);Beurre café de Paris, frites et légumes de saison;44
Brasserie Le Jura;Rue de la Treille 7;2000;Neuchâtel;+41 32 725 14 10;;https://brasserielejura.ch;https://brasserielejura.ch/la-carte/;Brasserie, terroir neuchâtelois, cuisine de saison;Oui;"Lundi-mercredi 09:30-23:00 ; jeudi-samedi 09:30-00:00 ; cuisine 11:30-14:00 et 18:30-22:00 ; carte après-midi 14:00-18:00";Dimanche;Août 2026;12.08.2026;12.08.2026;12.08.2026;Source en ligne;Site officiel / carte officielle en ligne;Classiques;Saucisson neuchâtelois IGP;Boucherie Perroud, en pâte feuilletée, moutarde et salade;34.50
Brasserie Le Jura;Rue de la Treille 7;2000;Neuchâtel;+41 32 725 14 10;;https://brasserielejura.ch;https://brasserielejura.ch/la-carte/;Brasserie, terroir neuchâtelois, cuisine de saison;Oui;"Lundi-mercredi 09:30-23:00 ; jeudi-samedi 09:30-00:00 ; cuisine 11:30-14:00 et 18:30-22:00 ; carte après-midi 14:00-18:00";Dimanche;Août 2026;12.08.2026;12.08.2026;12.08.2026;Source en ligne;Site officiel / carte officielle en ligne;Classiques;Moules de Bouchot AOP;Sauce marinière ou crème chorizo avec frites;29 / 31
Brasserie Le Jura;Rue de la Treille 7;2000;Neuchâtel;+41 32 725 14 10;;https://brasserielejura.ch;https://brasserielejura.ch/la-carte/;Brasserie, terroir neuchâtelois, cuisine de saison;Oui;"Lundi-mercredi 09:30-23:00 ; jeudi-samedi 09:30-00:00 ; cuisine 11:30-14:00 et 18:30-22:00 ; carte après-midi 14:00-18:00";Dimanche;Août 2026;12.08.2026;12.08.2026;12.08.2026;Source en ligne;Site officiel / carte officielle en ligne;Classiques;Le Rosbeef (Suisse);Sauce tartare et frites;33
Brasserie Le Jura;Rue de la Treille 7;2000;Neuchâtel;+41 32 725 14 10;;https://brasserielejura.ch;https://brasserielejura.ch/la-carte/;Brasserie, terroir neuchâtelois, cuisine de saison;Oui;"Lundi-mercredi 09:30-23:00 ; jeudi-samedi 09:30-00:00 ; cuisine 11:30-14:00 et 18:30-22:00 ; carte après-midi 14:00-18:00";Dimanche;Août 2026;12.08.2026;12.08.2026;12.08.2026;Source en ligne;Site officiel / carte officielle en ligne;Fromages & desserts;Sélection de 4 fromages;Maison Sterchi;16
Brasserie Le Jura;Rue de la Treille 7;2000;Neuchâtel;+41 32 725 14 10;;https://brasserielejura.ch;https://brasserielejura.ch/la-carte/;Brasserie, terroir neuchâtelois, cuisine de saison;Oui;"Lundi-mercredi 09:30-23:00 ; jeudi-samedi 09:30-00:00 ; cuisine 11:30-14:00 et 18:30-22:00 ; carte après-midi 14:00-18:00";Dimanche;Août 2026;12.08.2026;12.08.2026;12.08.2026;Source en ligne;Site officiel / carte officielle en ligne;Fromages & desserts;Mi-cuit Chocolat;Cœur caramel beurre salé et glace vanille;15
Brasserie Le Jura;Rue de la Treille 7;2000;Neuchâtel;+41 32 725 14 10;;https://brasserielejura.ch;https://brasserielejura.ch/la-carte/;Brasserie, terroir neuchâtelois, cuisine de saison;Oui;"Lundi-mercredi 09:30-23:00 ; jeudi-samedi 09:30-00:00 ; cuisine 11:30-14:00 et 18:30-22:00 ; carte après-midi 14:00-18:00";Dimanche;Août 2026;12.08.2026;12.08.2026;12.08.2026;Source en ligne;Site officiel / carte officielle en ligne;Fromages & desserts;Profiteroles;Choux, glace vanille, sauce chocolat;13
Brasserie Le Jura;Rue de la Treille 7;2000;Neuchâtel;+41 32 725 14 10;;https://brasserielejura.ch;https://brasserielejura.ch/la-carte/;Brasserie, terroir neuchâtelois, cuisine de saison;Oui;"Lundi-mercredi 09:30-23:00 ; jeudi-samedi 09:30-00:00 ; cuisine 11:30-14:00 et 18:30-22:00 ; carte après-midi 14:00-18:00";Dimanche;Août 2026;12.08.2026;12.08.2026;12.08.2026;Source en ligne;Site officiel / carte officielle en ligne;Fromages & desserts;Vacherin;Meringue, sorbet fraise et glace vanille;12
Brasserie Le Jura;Rue de la Treille 7;2000;Neuchâtel;+41 32 725 14 10;;https://brasserielejura.ch;https://brasserielejura.ch/la-carte/;Brasserie, terroir neuchâtelois, cuisine de saison;Oui;"Lundi-mercredi 09:30-23:00 ; jeudi-samedi 09:30-00:00 ; cuisine 11:30-14:00 et 18:30-22:00 ; carte après-midi 14:00-18:00";Dimanche;Août 2026;12.08.2026;12.08.2026;12.08.2026;Source en ligne;Site officiel / carte officielle en ligne;Fromages & desserts;Salade de fruits;Fait par nos soins, sorbet citron;11
Brasserie Le Jura;Rue de la Treille 7;2000;Neuchâtel;+41 32 725 14 10;;https://brasserielejura.ch;https://brasserielejura.ch/la-carte/;Brasserie, terroir neuchâtelois, cuisine de saison;Oui;"Lundi-mercredi 09:30-23:00 ; jeudi-samedi 09:30-00:00 ; cuisine 11:30-14:00 et 18:30-22:00 ; carte après-midi 14:00-18:00";Dimanche;Août 2026;12.08.2026;12.08.2026;12.08.2026;Source en ligne;Site officiel / carte officielle en ligne;Fromages & desserts;Crème brûlée;Fleur d’oranger;11
Brasserie Le Jura;Rue de la Treille 7;2000;Neuchâtel;+41 32 725 14 10;;https://brasserielejura.ch;https://brasserielejura.ch/la-carte/;Brasserie, terroir neuchâtelois, cuisine de saison;Oui;"Lundi-mercredi 09:30-23:00 ; jeudi-samedi 09:30-00:00 ; cuisine 11:30-14:00 et 18:30-22:00 ; carte après-midi 14:00-18:00";Dimanche;Août 2026;12.08.2026;12.08.2026;12.08.2026;Source en ligne;Site officiel / carte officielle en ligne;Fromages & desserts;Assortiment de mignardises;;14
Brasserie Le Jura;Rue de la Treille 7;2000;Neuchâtel;+41 32 725 14 10;;https://brasserielejura.ch;https://brasserielejura.ch/la-carte/;Brasserie, terroir neuchâtelois, cuisine de saison;Oui;"Lundi-mercredi 09:30-23:00 ; jeudi-samedi 09:30-00:00 ; cuisine 11:30-14:00 et 18:30-22:00 ; carte après-midi 14:00-18:00";Dimanche;Août 2026;12.08.2026;12.08.2026;12.08.2026;Source en ligne;Site officiel / carte officielle en ligne;Fromages & desserts;Glaces et sorbets faits maison;"Vanille, chocolat, café, citron, fraise et poire ; prix par boule";4.50
Restaurant Les Jeunes Rives;Promenade de Marthe Robert 4;2000;Neuchâtel;+41 32 554 28 29;contact@restaurantlesjeunesrives.ch;https://restaurantlesjeunesrives.ch;https://restaurantlesjeunesrives.ch;Cuisine de tradition, produits frais et de saison;Oui;"Restaurant 11:30-14:30 et 18:30-22:00 ; carte après-midi 14:30-18:00";Aucun jour de fermeture indiqué sur la carte;2026;12.08.2026;12.08.2026;12.08.2026;Source en ligne;Site officiel / carte officielle en ligne;Entrées;Salade verte;;6.50
Restaurant Les Jeunes Rives;Promenade de Marthe Robert 4;2000;Neuchâtel;+41 32 554 28 29;contact@restaurantlesjeunesrives.ch;https://restaurantlesjeunesrives.ch;https://restaurantlesjeunesrives.ch;Cuisine de tradition, produits frais et de saison;Oui;"Restaurant 11:30-14:30 et 18:30-22:00 ; carte après-midi 14:30-18:00";Aucun jour de fermeture indiqué sur la carte;2026;12.08.2026;12.08.2026;12.08.2026;Source en ligne;Site officiel / carte officielle en ligne;Entrées;Salade mêlée;Petite / grande;8.50 / 16
Restaurant Les Jeunes Rives;Promenade de Marthe Robert 4;2000;Neuchâtel;+41 32 554 28 29;contact@restaurantlesjeunesrives.ch;https://restaurantlesjeunesrives.ch;https://restaurantlesjeunesrives.ch;Cuisine de tradition, produits frais et de saison;Oui;"Restaurant 11:30-14:30 et 18:30-22:00 ; carte après-midi 14:30-18:00";Aucun jour de fermeture indiqué sur la carte;2026;12.08.2026;12.08.2026;12.08.2026;Source en ligne;Site officiel / carte officielle en ligne;Entrées;Gaspacho;Tomates et légumes de saison;11
Restaurant Les Jeunes Rives;Promenade de Marthe Robert 4;2000;Neuchâtel;+41 32 554 28 29;contact@restaurantlesjeunesrives.ch;https://restaurantlesjeunesrives.ch;https://restaurantlesjeunesrives.ch;Cuisine de tradition, produits frais et de saison;Oui;"Restaurant 11:30-14:30 et 18:30-22:00 ; carte après-midi 14:30-18:00";Aucun jour de fermeture indiqué sur la carte;2026;12.08.2026;12.08.2026;12.08.2026;Source en ligne;Site officiel / carte officielle en ligne;Entrées;Gravlax de truite;Condiment au LVDD et pickles;21
Restaurant Les Jeunes Rives;Promenade de Marthe Robert 4;2000;Neuchâtel;+41 32 554 28 29;contact@restaurantlesjeunesrives.ch;https://restaurantlesjeunesrives.ch;https://restaurantlesjeunesrives.ch;Cuisine de tradition, produits frais et de saison;Oui;"Restaurant 11:30-14:30 et 18:30-22:00 ; carte après-midi 14:30-18:00";Aucun jour de fermeture indiqué sur la carte;2026;12.08.2026;12.08.2026;12.08.2026;Source en ligne;Site officiel / carte officielle en ligne;Entrées;Vitello Tonnato;Pickles, câpres;21.50
Restaurant Les Jeunes Rives;Promenade de Marthe Robert 4;2000;Neuchâtel;+41 32 554 28 29;contact@restaurantlesjeunesrives.ch;https://restaurantlesjeunesrives.ch;https://restaurantlesjeunesrives.ch;Cuisine de tradition, produits frais et de saison;Oui;"Restaurant 11:30-14:30 et 18:30-22:00 ; carte après-midi 14:30-18:00";Aucun jour de fermeture indiqué sur la carte;2026;12.08.2026;12.08.2026;12.08.2026;Source en ligne;Site officiel / carte officielle en ligne;Entrées;Terrine maison;Bouquet de salade, pickles et pains toastés;18.50
Restaurant Les Jeunes Rives;Promenade de Marthe Robert 4;2000;Neuchâtel;+41 32 554 28 29;contact@restaurantlesjeunesrives.ch;https://restaurantlesjeunesrives.ch;https://restaurantlesjeunesrives.ch;Cuisine de tradition, produits frais et de saison;Oui;"Restaurant 11:30-14:30 et 18:30-22:00 ; carte après-midi 14:30-18:00";Aucun jour de fermeture indiqué sur la carte;2026;12.08.2026;12.08.2026;12.08.2026;Source en ligne;Site officiel / carte officielle en ligne;Entrées;Planche de Pata Negra;Assortiment des frères Alcala;31.50
Restaurant Les Jeunes Rives;Promenade de Marthe Robert 4;2000;Neuchâtel;+41 32 554 28 29;contact@restaurantlesjeunesrives.ch;https://restaurantlesjeunesrives.ch;https://restaurantlesjeunesrives.ch;Cuisine de tradition, produits frais et de saison;Oui;"Restaurant 11:30-14:30 et 18:30-22:00 ; carte après-midi 14:30-18:00";Aucun jour de fermeture indiqué sur la carte;2026;12.08.2026;12.08.2026;12.08.2026;Source en ligne;Site officiel / carte officielle en ligne;Entrées;Planche de charcuteries;;22.50
Restaurant Les Jeunes Rives;Promenade de Marthe Robert 4;2000;Neuchâtel;+41 32 554 28 29;contact@restaurantlesjeunesrives.ch;https://restaurantlesjeunesrives.ch;https://restaurantlesjeunesrives.ch;Cuisine de tradition, produits frais et de saison;Oui;"Restaurant 11:30-14:30 et 18:30-22:00 ; carte après-midi 14:30-18:00";Aucun jour de fermeture indiqué sur la carte;2026;12.08.2026;12.08.2026;12.08.2026;Source en ligne;Site officiel / carte officielle en ligne;Plats;Burger Smoked Coffee LVDD;"Pain maison, steak 150 g, sauce smoked coffee, Britchon, crudités et frites maison ; supplément steak 150 g +7.50";28.50
Restaurant Les Jeunes Rives;Promenade de Marthe Robert 4;2000;Neuchâtel;+41 32 554 28 29;contact@restaurantlesjeunesrives.ch;https://restaurantlesjeunesrives.ch;https://restaurantlesjeunesrives.ch;Cuisine de tradition, produits frais et de saison;Oui;"Restaurant 11:30-14:30 et 18:30-22:00 ; carte après-midi 14:30-18:00";Aucun jour de fermeture indiqué sur la carte;2026;12.08.2026;12.08.2026;12.08.2026;Source en ligne;Site officiel / carte officielle en ligne;Plats;Hampe de bœuf;Sauce à l’échalote, frites maison et salade verte;34
Restaurant Les Jeunes Rives;Promenade de Marthe Robert 4;2000;Neuchâtel;+41 32 554 28 29;contact@restaurantlesjeunesrives.ch;https://restaurantlesjeunesrives.ch;https://restaurantlesjeunesrives.ch;Cuisine de tradition, produits frais et de saison;Oui;"Restaurant 11:30-14:30 et 18:30-22:00 ; carte après-midi 14:30-18:00";Aucun jour de fermeture indiqué sur la carte;2026;12.08.2026;12.08.2026;12.08.2026;Source en ligne;Site officiel / carte officielle en ligne;Plats;Entrecôte de bœuf;Beurre café de Paris, salade verte et frites maison;41
Restaurant Les Jeunes Rives;Promenade de Marthe Robert 4;2000;Neuchâtel;+41 32 554 28 29;contact@restaurantlesjeunesrives.ch;https://restaurantlesjeunesrives.ch;https://restaurantlesjeunesrives.ch;Cuisine de tradition, produits frais et de saison;Oui;"Restaurant 11:30-14:30 et 18:30-22:00 ; carte après-midi 14:30-18:00";Aucun jour de fermeture indiqué sur la carte;2026;12.08.2026;12.08.2026;12.08.2026;Source en ligne;Site officiel / carte officielle en ligne;Plats;Épaule de Pata Negra confite;Frères Alcala, légumes de saison et riste d’aubergine;46
Restaurant Les Jeunes Rives;Promenade de Marthe Robert 4;2000;Neuchâtel;+41 32 554 28 29;contact@restaurantlesjeunesrives.ch;https://restaurantlesjeunesrives.ch;https://restaurantlesjeunesrives.ch;Cuisine de tradition, produits frais et de saison;Oui;"Restaurant 11:30-14:30 et 18:30-22:00 ; carte après-midi 14:30-18:00";Aucun jour de fermeture indiqué sur la carte;2026;12.08.2026;12.08.2026;12.08.2026;Source en ligne;Site officiel / carte officielle en ligne;Plats;Filets de perches;"Beurre blanc, riste d’aubergines et frites maison ; 200 g / 300 g";31 / 39
Restaurant Les Jeunes Rives;Promenade de Marthe Robert 4;2000;Neuchâtel;+41 32 554 28 29;contact@restaurantlesjeunesrives.ch;https://restaurantlesjeunesrives.ch;https://restaurantlesjeunesrives.ch;Cuisine de tradition, produits frais et de saison;Oui;"Restaurant 11:30-14:30 et 18:30-22:00 ; carte après-midi 14:30-18:00";Aucun jour de fermeture indiqué sur la carte;2026;12.08.2026;12.08.2026;12.08.2026;Source en ligne;Site officiel / carte officielle en ligne;Plats;Filet de truite;Beurre blanc, légumes de saison et riste d’aubergine;35
Restaurant Les Jeunes Rives;Promenade de Marthe Robert 4;2000;Neuchâtel;+41 32 554 28 29;contact@restaurantlesjeunesrives.ch;https://restaurantlesjeunesrives.ch;https://restaurantlesjeunesrives.ch;Cuisine de tradition, produits frais et de saison;Oui;"Restaurant 11:30-14:30 et 18:30-22:00 ; carte après-midi 14:30-18:00";Aucun jour de fermeture indiqué sur la carte;2026;12.08.2026;12.08.2026;12.08.2026;Source en ligne;Site officiel / carte officielle en ligne;Plats;Encornets snackés;Émulsion citronnée, légumes de saison et riste d’aubergines;39
Restaurant Les Jeunes Rives;Promenade de Marthe Robert 4;2000;Neuchâtel;+41 32 554 28 29;contact@restaurantlesjeunesrives.ch;https://restaurantlesjeunesrives.ch;https://restaurantlesjeunesrives.ch;Cuisine de tradition, produits frais et de saison;Oui;"Restaurant 11:30-14:30 et 18:30-22:00 ; carte après-midi 14:30-18:00";Aucun jour de fermeture indiqué sur la carte;2026;12.08.2026;12.08.2026;12.08.2026;Source en ligne;Site officiel / carte officielle en ligne;Plats;Moules marinières;Frites maison;28
Restaurant Les Jeunes Rives;Promenade de Marthe Robert 4;2000;Neuchâtel;+41 32 554 28 29;contact@restaurantlesjeunesrives.ch;https://restaurantlesjeunesrives.ch;https://restaurantlesjeunesrives.ch;Cuisine de tradition, produits frais et de saison;Oui;"Restaurant 11:30-14:30 et 18:30-22:00 ; carte après-midi 14:30-18:00";Aucun jour de fermeture indiqué sur la carte;2026;12.08.2026;12.08.2026;12.08.2026;Source en ligne;Site officiel / carte officielle en ligne;Plats;Moules au Bleuchâtel;Frites maison;31
Restaurant Les Jeunes Rives;Promenade de Marthe Robert 4;2000;Neuchâtel;+41 32 554 28 29;contact@restaurantlesjeunesrives.ch;https://restaurantlesjeunesrives.ch;https://restaurantlesjeunesrives.ch;Cuisine de tradition, produits frais et de saison;Oui;"Restaurant 11:30-14:30 et 18:30-22:00 ; carte après-midi 14:30-18:00";Aucun jour de fermeture indiqué sur la carte;2026;12.08.2026;12.08.2026;12.08.2026;Source en ligne;Site officiel / carte officielle en ligne;Plats;Fondue de la maison Sterchi;"200 g par personne ; supplément pommes de terre grenailles 6.50";25
Restaurant Les Jeunes Rives;Promenade de Marthe Robert 4;2000;Neuchâtel;+41 32 554 28 29;contact@restaurantlesjeunesrives.ch;https://restaurantlesjeunesrives.ch;https://restaurantlesjeunesrives.ch;Cuisine de tradition, produits frais et de saison;Oui;"Restaurant 11:30-14:30 et 18:30-22:00 ; carte après-midi 14:30-18:00";Aucun jour de fermeture indiqué sur la carte;2026;12.08.2026;12.08.2026;12.08.2026;Source en ligne;Site officiel / carte officielle en ligne;Plats;Tartare de bœuf;"Frites maison et salade verte ; 150 g / 200 g";31 / 37
Restaurant Les Jeunes Rives;Promenade de Marthe Robert 4;2000;Neuchâtel;+41 32 554 28 29;contact@restaurantlesjeunesrives.ch;https://restaurantlesjeunesrives.ch;https://restaurantlesjeunesrives.ch;Cuisine de tradition, produits frais et de saison;Oui;"Restaurant 11:30-14:30 et 18:30-22:00 ; carte après-midi 14:30-18:00";Aucun jour de fermeture indiqué sur la carte;2026;12.08.2026;12.08.2026;12.08.2026;Source en ligne;Site officiel / carte officielle en ligne;Plats;Rosbeef;Sauce tartare et frites maison;32
Restaurant Les Jeunes Rives;Promenade de Marthe Robert 4;2000;Neuchâtel;+41 32 554 28 29;contact@restaurantlesjeunesrives.ch;https://restaurantlesjeunesrives.ch;https://restaurantlesjeunesrives.ch;Cuisine de tradition, produits frais et de saison;Oui;"Restaurant 11:30-14:30 et 18:30-22:00 ; carte après-midi 14:30-18:00";Aucun jour de fermeture indiqué sur la carte;2026;12.08.2026;12.08.2026;12.08.2026;Source en ligne;Site officiel / carte officielle en ligne;Plats;Bowl aux légumes confits;Quinoa, roquette, feta, tapenade, Vieux Jura;25
Restaurant Les Jeunes Rives;Promenade de Marthe Robert 4;2000;Neuchâtel;+41 32 554 28 29;contact@restaurantlesjeunesrives.ch;https://restaurantlesjeunesrives.ch;https://restaurantlesjeunesrives.ch;Cuisine de tradition, produits frais et de saison;Oui;"Restaurant 11:30-14:30 et 18:30-22:00 ; carte après-midi 14:30-18:00";Aucun jour de fermeture indiqué sur la carte;2026;12.08.2026;12.08.2026;12.08.2026;Source en ligne;Site officiel / carte officielle en ligne;Plats;Salade César;Salade romaine, poulet, Vieux Jura, bacon, croûtons, œuf dur, sauce César maison;28.50
Restaurant Les Jeunes Rives;Promenade de Marthe Robert 4;2000;Neuchâtel;+41 32 554 28 29;contact@restaurantlesjeunesrives.ch;https://restaurantlesjeunesrives.ch;https://restaurantlesjeunesrives.ch;Cuisine de tradition, produits frais et de saison;Oui;"Restaurant 11:30-14:30 et 18:30-22:00 ; carte après-midi 14:30-18:00";Aucun jour de fermeture indiqué sur la carte;2026;12.08.2026;12.08.2026;12.08.2026;Source en ligne;Site officiel / carte officielle en ligne;Plats;Salade de truite en gravlax;Salade romaine, truite en gravlax, quinoa, pickles, vinaigrette;29.50
Restaurant Les Jeunes Rives;Promenade de Marthe Robert 4;2000;Neuchâtel;+41 32 554 28 29;contact@restaurantlesjeunesrives.ch;https://restaurantlesjeunesrives.ch;https://restaurantlesjeunesrives.ch;Cuisine de tradition, produits frais et de saison;Oui;"Restaurant 11:30-14:30 et 18:30-22:00 ; carte après-midi 14:30-18:00";Aucun jour de fermeture indiqué sur la carte;2026;12.08.2026;12.08.2026;12.08.2026;Source en ligne;Site officiel / carte officielle en ligne;Desserts;Brownie croquant;Caramel au beurre salé et glace caramel croquant;15
Restaurant Les Jeunes Rives;Promenade de Marthe Robert 4;2000;Neuchâtel;+41 32 554 28 29;contact@restaurantlesjeunesrives.ch;https://restaurantlesjeunesrives.ch;https://restaurantlesjeunesrives.ch;Cuisine de tradition, produits frais et de saison;Oui;"Restaurant 11:30-14:30 et 18:30-22:00 ; carte après-midi 14:30-18:00";Aucun jour de fermeture indiqué sur la carte;2026;12.08.2026;12.08.2026;12.08.2026;Source en ligne;Site officiel / carte officielle en ligne;Desserts;Meringue crème double;Confits de fruits rouges et sorbet framboise;15
Restaurant Les Jeunes Rives;Promenade de Marthe Robert 4;2000;Neuchâtel;+41 32 554 28 29;contact@restaurantlesjeunesrives.ch;https://restaurantlesjeunesrives.ch;https://restaurantlesjeunesrives.ch;Cuisine de tradition, produits frais et de saison;Oui;"Restaurant 11:30-14:30 et 18:30-22:00 ; carte après-midi 14:30-18:00";Aucun jour de fermeture indiqué sur la carte;2026;12.08.2026;12.08.2026;12.08.2026;Source en ligne;Site officiel / carte officielle en ligne;Desserts;Crème brûlée;Vanille Bourbon de Madagascar;11
Restaurant Les Jeunes Rives;Promenade de Marthe Robert 4;2000;Neuchâtel;+41 32 554 28 29;contact@restaurantlesjeunesrives.ch;https://restaurantlesjeunesrives.ch;https://restaurantlesjeunesrives.ch;Cuisine de tradition, produits frais et de saison;Oui;"Restaurant 11:30-14:30 et 18:30-22:00 ; carte après-midi 14:30-18:00";Aucun jour de fermeture indiqué sur la carte;2026;12.08.2026;12.08.2026;12.08.2026;Source en ligne;Site officiel / carte officielle en ligne;Desserts;Assiette mignardises;Cookie, brownie, mini crème brûlée, boule de glace, meringue;13
Restaurant Les Jeunes Rives;Promenade de Marthe Robert 4;2000;Neuchâtel;+41 32 554 28 29;contact@restaurantlesjeunesrives.ch;https://restaurantlesjeunesrives.ch;https://restaurantlesjeunesrives.ch;Cuisine de tradition, produits frais et de saison;Oui;"Restaurant 11:30-14:30 et 18:30-22:00 ; carte après-midi 14:30-18:00";Aucun jour de fermeture indiqué sur la carte;2026;12.08.2026;12.08.2026;12.08.2026;Source en ligne;Site officiel / carte officielle en ligne;Desserts;Assiette de fromages;Fromagerie Sterchi;16
Restaurant Les Jeunes Rives;Promenade de Marthe Robert 4;2000;Neuchâtel;+41 32 554 28 29;contact@restaurantlesjeunesrives.ch;https://restaurantlesjeunesrives.ch;https://restaurantlesjeunesrives.ch;Cuisine de tradition, produits frais et de saison;Oui;"Restaurant 11:30-14:30 et 18:30-22:00 ; carte après-midi 14:30-18:00";Aucun jour de fermeture indiqué sur la carte;2026;12.08.2026;12.08.2026;12.08.2026;Source en ligne;Site officiel / carte officielle en ligne;Coin enfants;Hauts de cuisse de poulets;Accompagnement : frites ou légumes ou salade;14
Restaurant Les Jeunes Rives;Promenade de Marthe Robert 4;2000;Neuchâtel;+41 32 554 28 29;contact@restaurantlesjeunesrives.ch;https://restaurantlesjeunesrives.ch;https://restaurantlesjeunesrives.ch;Cuisine de tradition, produits frais et de saison;Oui;"Restaurant 11:30-14:30 et 18:30-22:00 ; carte après-midi 14:30-18:00";Aucun jour de fermeture indiqué sur la carte;2026;12.08.2026;12.08.2026;12.08.2026;Source en ligne;Site officiel / carte officielle en ligne;Coin enfants;Steak haché;Accompagnement : frites ou légumes ou salade;14
Restaurant Les Jeunes Rives;Promenade de Marthe Robert 4;2000;Neuchâtel;+41 32 554 28 29;contact@restaurantlesjeunesrives.ch;https://restaurantlesjeunesrives.ch;https://restaurantlesjeunesrives.ch;Cuisine de tradition, produits frais et de saison;Oui;"Restaurant 11:30-14:30 et 18:30-22:00 ; carte après-midi 14:30-18:00";Aucun jour de fermeture indiqué sur la carte;2026;12.08.2026;12.08.2026;12.08.2026;Source en ligne;Site officiel / carte officielle en ligne;Coin enfants;Fritures de poisson;Accompagnement : frites ou légumes ou salade;14
Restaurant Les Jeunes Rives;Promenade de Marthe Robert 4;2000;Neuchâtel;+41 32 554 28 29;contact@restaurantlesjeunesrives.ch;https://restaurantlesjeunesrives.ch;https://restaurantlesjeunesrives.ch;Cuisine de tradition, produits frais et de saison;Oui;"Restaurant 11:30-14:30 et 18:30-22:00 ; carte après-midi 14:30-18:00";Aucun jour de fermeture indiqué sur la carte;2026;12.08.2026;12.08.2026;12.08.2026;Source en ligne;Site officiel / carte officielle en ligne;Après-midi;Houmous / Tapenade maison;Chips;13
Restaurant Les Jeunes Rives;Promenade de Marthe Robert 4;2000;Neuchâtel;+41 32 554 28 29;contact@restaurantlesjeunesrives.ch;https://restaurantlesjeunesrives.ch;https://restaurantlesjeunesrives.ch;Cuisine de tradition, produits frais et de saison;Oui;"Restaurant 11:30-14:30 et 18:30-22:00 ; carte après-midi 14:30-18:00";Aucun jour de fermeture indiqué sur la carte;2026;12.08.2026;12.08.2026;12.08.2026;Source en ligne;Site officiel / carte officielle en ligne;Après-midi;Rillettes de poissons maison;;13.50
Restaurant Les Jeunes Rives;Promenade de Marthe Robert 4;2000;Neuchâtel;+41 32 554 28 29;contact@restaurantlesjeunesrives.ch;https://restaurantlesjeunesrives.ch;https://restaurantlesjeunesrives.ch;Cuisine de tradition, produits frais et de saison;Oui;"Restaurant 11:30-14:30 et 18:30-22:00 ; carte après-midi 14:30-18:00";Aucun jour de fermeture indiqué sur la carte;2026;12.08.2026;12.08.2026;12.08.2026;Source en ligne;Site officiel / carte officielle en ligne;Après-midi;Terrine de campagne maison;;11
Restaurant Les Jeunes Rives;Promenade de Marthe Robert 4;2000;Neuchâtel;+41 32 554 28 29;contact@restaurantlesjeunesrives.ch;https://restaurantlesjeunesrives.ch;https://restaurantlesjeunesrives.ch;Cuisine de tradition, produits frais et de saison;Oui;"Restaurant 11:30-14:30 et 18:30-22:00 ; carte après-midi 14:30-18:00";Aucun jour de fermeture indiqué sur la carte;2026;12.08.2026;12.08.2026;12.08.2026;Source en ligne;Site officiel / carte officielle en ligne;Après-midi;Planche de charcuteries;;22.50
Restaurant Les Jeunes Rives;Promenade de Marthe Robert 4;2000;Neuchâtel;+41 32 554 28 29;contact@restaurantlesjeunesrives.ch;https://restaurantlesjeunesrives.ch;https://restaurantlesjeunesrives.ch;Cuisine de tradition, produits frais et de saison;Oui;"Restaurant 11:30-14:30 et 18:30-22:00 ; carte après-midi 14:30-18:00";Aucun jour de fermeture indiqué sur la carte;2026;12.08.2026;12.08.2026;12.08.2026;Source en ligne;Site officiel / carte officielle en ligne;Après-midi;Planche de Pata Negra;Assortiment des frères Alcala;31.50
Restaurant Les Jeunes Rives;Promenade de Marthe Robert 4;2000;Neuchâtel;+41 32 554 28 29;contact@restaurantlesjeunesrives.ch;https://restaurantlesjeunesrives.ch;https://restaurantlesjeunesrives.ch;Cuisine de tradition, produits frais et de saison;Oui;"Restaurant 11:30-14:30 et 18:30-22:00 ; carte après-midi 14:30-18:00";Aucun jour de fermeture indiqué sur la carte;2026;12.08.2026;12.08.2026;12.08.2026;Source en ligne;Site officiel / carte officielle en ligne;Après-midi;Planche de fromages;Fromagerie Sterchi;23.50
Restaurant Les Jeunes Rives;Promenade de Marthe Robert 4;2000;Neuchâtel;+41 32 554 28 29;contact@restaurantlesjeunesrives.ch;https://restaurantlesjeunesrives.ch;https://restaurantlesjeunesrives.ch;Cuisine de tradition, produits frais et de saison;Oui;"Restaurant 11:30-14:30 et 18:30-22:00 ; carte après-midi 14:30-18:00";Aucun jour de fermeture indiqué sur la carte;2026;12.08.2026;12.08.2026;12.08.2026;Source en ligne;Site officiel / carte officielle en ligne;Après-midi;Cassolettes d’encornets;Chorizo relevé au LVDD;24.50
Restaurant Les Jeunes Rives;Promenade de Marthe Robert 4;2000;Neuchâtel;+41 32 554 28 29;contact@restaurantlesjeunesrives.ch;https://restaurantlesjeunesrives.ch;https://restaurantlesjeunesrives.ch;Cuisine de tradition, produits frais et de saison;Oui;"Restaurant 11:30-14:30 et 18:30-22:00 ; carte après-midi 14:30-18:00";Aucun jour de fermeture indiqué sur la carte;2026;12.08.2026;12.08.2026;12.08.2026;Source en ligne;Site officiel / carte officielle en ligne;Après-midi;Friture de fera;Sauce tartare maison;17.50
Wok Royal Brasserie;;;;;;;;Buffet asiatique, wok;;"Buffet midi 11:30-14:30 ; buffet soir 18:30-22:30";;12.08.2026;12.08.2026;12.08.2026;;Nelly;Photo de la carte;Buffet;Buffet midi – lundi au vendredi;"Sans Teppan Yaki ; boissons non comprises";23.50
Wok Royal Brasserie;;;;;;;;Buffet asiatique, wok;;"Buffet midi 11:30-14:30 ; buffet soir 18:30-22:30";;12.08.2026;12.08.2026;12.08.2026;;Nelly;Photo de la carte;Buffet;Buffet midi – samedi, dimanche et jours fériés;Boissons non comprises;35
Wok Royal Brasserie;;;;;;;;Buffet asiatique, wok;;"Buffet midi 11:30-14:30 ; buffet soir 18:30-22:30";;12.08.2026;12.08.2026;12.08.2026;;Nelly;Photo de la carte;Buffet;Buffet soir – lundi à jeudi et dimanche;Boissons non comprises;42
Wok Royal Brasserie;;;;;;;;Buffet asiatique, wok;;"Buffet midi 11:30-14:30 ; buffet soir 18:30-22:30";;12.08.2026;12.08.2026;12.08.2026;;Nelly;Photo de la carte;Buffet;Buffet soir – vendredi, samedi et jours fériés;Boissons non comprises;45
Wok Royal Brasserie;;;;;;;;Buffet asiatique, wok;;"Buffet midi 11:30-14:30 ; buffet soir 18:30-22:30";;12.08.2026;12.08.2026;12.08.2026;;Nelly;Photo de la carte;Buffet enfants;Midi semaine – 4 à 6 ans;;8
Wok Royal Brasserie;;;;;;;;Buffet asiatique, wok;;"Buffet midi 11:30-14:30 ; buffet soir 18:30-22:30";;12.08.2026;12.08.2026;12.08.2026;;Nelly;Photo de la carte;Buffet enfants;Midi semaine – 7 à 9 ans;;12
Wok Royal Brasserie;;;;;;;;Buffet asiatique, wok;;"Buffet midi 11:30-14:30 ; buffet soir 18:30-22:30";;12.08.2026;12.08.2026;12.08.2026;;Nelly;Photo de la carte;Buffet enfants;Midi semaine – 10 à 12 ans;;17
Wok Royal Brasserie;;;;;;;;Buffet asiatique, wok;;"Buffet midi 11:30-14:30 ; buffet soir 18:30-22:30";;12.08.2026;12.08.2026;12.08.2026;;Nelly;Photo de la carte;Buffet enfants;Midi week-end – 4 à 6 ans;;10
Wok Royal Brasserie;;;;;;;;Buffet asiatique, wok;;"Buffet midi 11:30-14:30 ; buffet soir 18:30-22:30";;12.08.2026;12.08.2026;12.08.2026;;Nelly;Photo de la carte;Buffet enfants;Midi week-end – 7 à 9 ans;;15
Wok Royal Brasserie;;;;;;;;Buffet asiatique, wok;;"Buffet midi 11:30-14:30 ; buffet soir 18:30-22:30";;12.08.2026;12.08.2026;12.08.2026;;Nelly;Photo de la carte;Buffet enfants;Midi week-end – 10 à 12 ans;;21
Wok Royal Brasserie;;;;;;;;Buffet asiatique, wok;;"Buffet midi 11:30-14:30 ; buffet soir 18:30-22:30";;12.08.2026;12.08.2026;12.08.2026;;Nelly;Photo de la carte;Buffet enfants;Soir – 4 à 6 ans;;10
Wok Royal Brasserie;;;;;;;;Buffet asiatique, wok;;"Buffet midi 11:30-14:30 ; buffet soir 18:30-22:30";;12.08.2026;12.08.2026;12.08.2026;;Nelly;Photo de la carte;Buffet enfants;Soir – 7 à 9 ans;;17
Wok Royal Brasserie;;;;;;;;Buffet asiatique, wok;;"Buffet midi 11:30-14:30 ; buffet soir 18:30-22:30";;12.08.2026;12.08.2026;12.08.2026;;Nelly;Photo de la carte;Buffet enfants;Soir – 10 à 12 ans;;23
Wok Royal Brasserie;;;;;;;;Buffet asiatique, wok;;"Buffet midi 11:30-14:30 ; buffet soir 18:30-22:30";;12.08.2026;12.08.2026;12.08.2026;;Nelly;Photo de la carte;Sauces;Sauce de cacahuètes;Peanut butter;
Wok Royal Brasserie;;;;;;;;Buffet asiatique, wok;;"Buffet midi 11:30-14:30 ; buffet soir 18:30-22:30";;12.08.2026;12.08.2026;12.08.2026;;Nelly;Photo de la carte;Sauces;Sauce au poivre noir;Black pepper;
Wok Royal Brasserie;;;;;;;;Buffet asiatique, wok;;"Buffet midi 11:30-14:30 ; buffet soir 18:30-22:30";;12.08.2026;12.08.2026;12.08.2026;;Nelly;Photo de la carte;Sauces;Sauce au soja sucrée;Sweet soy sauce;
Wok Royal Brasserie;;;;;;;;Buffet asiatique, wok;;"Buffet midi 11:30-14:30 ; buffet soir 18:30-22:30";;12.08.2026;12.08.2026;12.08.2026;;Nelly;Photo de la carte;Sauces;Sans sauce;Sel et poivre;
Pinte de Pierre-à-Bot;Pierre-à-Bot 106;2000;Neuchâtel;032 725 33 80;info@pintedepierreabot.ch;www.pintedepierreabot.ch;;Cuisine suisse, neuchâteloise, fondues, grillades;;"Ouvert 7 jours sur 7 dès 10:00 ; cuisine semaine 11:30-13:45 et 18:30-21:30 ; week-end non-stop 11:30-21:30";Aucun;12.08.2026;12.08.2026;12.08.2026;;Salva;Photo de la carte;Menus;Assiette du jour;Servie à midi en semaine;17
Pinte de Pierre-à-Bot;Pierre-à-Bot 106;2000;Neuchâtel;032 725 33 80;info@pintedepierreabot.ch;www.pintedepierreabot.ch;;Cuisine suisse, neuchâteloise, fondues, grillades;;"Ouvert 7 jours sur 7 dès 10:00 ; cuisine semaine 11:30-13:45 et 18:30-21:30 ; week-end non-stop 11:30-21:30";Aucun;12.08.2026;12.08.2026;12.08.2026;;Salva;Photo de la carte;Menus;Entrée ou dessert et assiette du jour;Servi à midi en semaine;20
Pinte de Pierre-à-Bot;Pierre-à-Bot 106;2000;Neuchâtel;032 725 33 80;info@pintedepierreabot.ch;www.pintedepierreabot.ch;;Cuisine suisse, neuchâteloise, fondues, grillades;;"Ouvert 7 jours sur 7 dès 10:00 ; cuisine semaine 11:30-13:45 et 18:30-21:30 ; week-end non-stop 11:30-21:30";Aucun;12.08.2026;12.08.2026;12.08.2026;;Salva;Photo de la carte;Menus;Menu du jour complet;Servi à midi en semaine;23
Pinte de Pierre-à-Bot;Pierre-à-Bot 106;2000;Neuchâtel;032 725 33 80;info@pintedepierreabot.ch;www.pintedepierreabot.ch;;Cuisine suisse, neuchâteloise, fondues, grillades;;"Ouvert 7 jours sur 7 dès 10:00 ; cuisine semaine 11:30-13:45 et 18:30-21:30 ; week-end non-stop 11:30-21:30";Aucun;12.08.2026;12.08.2026;12.08.2026;;Salva;Photo de la carte;Menus;Menu du terroir;"Dès 2 pers. : truite fumée, saucisson neuchâtelois, tomme et Bleuchâtel ; saucisson neuchâtelois chaud ou fondue Britchon ; parfait glacé maison à l'Absinthe";45
Pinte de Pierre-à-Bot;Pierre-à-Bot 106;2000;Neuchâtel;032 725 33 80;info@pintedepierreabot.ch;www.pintedepierreabot.ch;;Cuisine suisse, neuchâteloise, fondues, grillades;;"Ouvert 7 jours sur 7 dès 10:00 ; cuisine semaine 11:30-13:45 et 18:30-21:30 ; week-end non-stop 11:30-21:30";Aucun;12.08.2026;12.08.2026;12.08.2026;;Salva;Photo de la carte;Menus;Menu grec;"Dès 2 pers. : salade grecque, tzatziki, dolmas, chtipiti, tarama et midhia ; souvlakis ou crevettes géantes à l'ail ; yoghourt au miel ou fruits frais";49
Pinte de Pierre-à-Bot;Pierre-à-Bot 106;2000;Neuchâtel;032 725 33 80;info@pintedepierreabot.ch;www.pintedepierreabot.ch;;Cuisine suisse, neuchâteloise, fondues, grillades;;"Ouvert 7 jours sur 7 dès 10:00 ; cuisine semaine 11:30-13:45 et 18:30-21:30 ; week-end non-stop 11:30-21:30";Aucun;12.08.2026;12.08.2026;12.08.2026;;Salva;Photo de la carte;Menus;Menu gourmand;"Dès 2 pers. : cocktail de crevettes ou 6 escargots ou croûte aux champignons ; fondue Bacchus, vigneronne ou chinoise ; assortiment de fromages et/ou tartelette au citron";50
Pinte de Pierre-à-Bot;Pierre-à-Bot 106;2000;Neuchâtel;032 725 33 80;info@pintedepierreabot.ch;www.pintedepierreabot.ch;;Cuisine suisse, neuchâteloise, fondues, grillades;;"Ouvert 7 jours sur 7 dès 10:00 ; cuisine semaine 11:30-13:45 et 18:30-21:30 ; week-end non-stop 11:30-21:30";Aucun;12.08.2026;12.08.2026;12.08.2026;;Salva;Photo de la carte;Menus;Menu valaisan;"Dès 2 pers. : assiette de viande séchée, jambon, saucisson et lard fumé ; fondue aux tomates ou raclette ; sorbet abricot et abricotine";41
Pinte de Pierre-à-Bot;Pierre-à-Bot 106;2000;Neuchâtel;032 725 33 80;info@pintedepierreabot.ch;www.pintedepierreabot.ch;;Cuisine suisse, neuchâteloise, fondues, grillades;;"Ouvert 7 jours sur 7 dès 10:00 ; cuisine semaine 11:30-13:45 et 18:30-21:30 ; week-end non-stop 11:30-21:30";Aucun;12.08.2026;12.08.2026;12.08.2026;;Salva;Photo de la carte;Entrées;Petite salade verte;;7
Pinte de Pierre-à-Bot;Pierre-à-Bot 106;2000;Neuchâtel;032 725 33 80;info@pintedepierreabot.ch;www.pintedepierreabot.ch;;Cuisine suisse, neuchâteloise, fondues, grillades;;"Ouvert 7 jours sur 7 dès 10:00 ; cuisine semaine 11:30-13:45 et 18:30-21:30 ; week-end non-stop 11:30-21:30";Aucun;12.08.2026;12.08.2026;12.08.2026;;Salva;Photo de la carte;Entrées;Petite salade mêlée;;9
Pinte de Pierre-à-Bot;Pierre-à-Bot 106;2000;Neuchâtel;032 725 33 80;info@pintedepierreabot.ch;www.pintedepierreabot.ch;;Cuisine suisse, neuchâteloise, fondues, grillades;;"Ouvert 7 jours sur 7 dès 10:00 ; cuisine semaine 11:30-13:45 et 18:30-21:30 ; week-end non-stop 11:30-21:30";Aucun;12.08.2026;12.08.2026;12.08.2026;;Salva;Photo de la carte;Entrées;Crème à la tomate;;9
Pinte de Pierre-à-Bot;Pierre-à-Bot 106;2000;Neuchâtel;032 725 33 80;info@pintedepierreabot.ch;www.pintedepierreabot.ch;;Cuisine suisse, neuchâteloise, fondues, grillades;;"Ouvert 7 jours sur 7 dès 10:00 ; cuisine semaine 11:30-13:45 et 18:30-21:30 ; week-end non-stop 11:30-21:30";Aucun;12.08.2026;12.08.2026;12.08.2026;;Salva;Photo de la carte;Entrées;Cocktail de crevettes roses;;13
Pinte de Pierre-à-Bot;Pierre-à-Bot 106;2000;Neuchâtel;032 725 33 80;info@pintedepierreabot.ch;www.pintedepierreabot.ch;;Cuisine suisse, neuchâteloise, fondues, grillades;;"Ouvert 7 jours sur 7 dès 10:00 ; cuisine semaine 11:30-13:45 et 18:30-21:30 ; week-end non-stop 11:30-21:30";Aucun;12.08.2026;12.08.2026;12.08.2026;;Salva;Photo de la carte;Entrées;Escargots;"6 pièces 11 CHF ; 12 pièces";21
Pinte de Pierre-à-Bot;Pierre-à-Bot 106;2000;Neuchâtel;032 725 33 80;info@pintedepierreabot.ch;www.pintedepierreabot.ch;;Cuisine suisse, neuchâteloise, fondues, grillades;;"Ouvert 7 jours sur 7 dès 10:00 ; cuisine semaine 11:30-13:45 et 18:30-21:30 ; week-end non-stop 11:30-21:30";Aucun;12.08.2026;12.08.2026;12.08.2026;;Salva;Photo de la carte;Entrées;Viande séchée de bœuf;Demi-portion 15 CHF;27
Pinte de Pierre-à-Bot;Pierre-à-Bot 106;2000;Neuchâtel;032 725 33 80;info@pintedepierreabot.ch;www.pintedepierreabot.ch;;Cuisine suisse, neuchâteloise, fondues, grillades;;"Ouvert 7 jours sur 7 dès 10:00 ; cuisine semaine 11:30-13:45 et 18:30-21:30 ; week-end non-stop 11:30-21:30";Aucun;12.08.2026;12.08.2026;12.08.2026;;Salva;Photo de la carte;Entrées;Assiette campagnarde;Charcuterie;27
Pinte de Pierre-à-Bot;Pierre-à-Bot 106;2000;Neuchâtel;032 725 33 80;info@pintedepierreabot.ch;www.pintedepierreabot.ch;;Cuisine suisse, neuchâteloise, fondues, grillades;;"Ouvert 7 jours sur 7 dès 10:00 ; cuisine semaine 11:30-13:45 et 18:30-21:30 ; week-end non-stop 11:30-21:30";Aucun;12.08.2026;12.08.2026;12.08.2026;;Salva;Photo de la carte;Entrées;Truite fumée;Sauce tartare;15
Pinte de Pierre-à-Bot;Pierre-à-Bot 106;2000;Neuchâtel;032 725 33 80;info@pintedepierreabot.ch;www.pintedepierreabot.ch;;Cuisine suisse, neuchâteloise, fondues, grillades;;"Ouvert 7 jours sur 7 dès 10:00 ; cuisine semaine 11:30-13:45 et 18:30-21:30 ; week-end non-stop 11:30-21:30";Aucun;12.08.2026;12.08.2026;12.08.2026;;Salva;Photo de la carte;Entrées;Saucisson neuchâtelois IGP;Demi-portion 13 CHF;23
Pinte de Pierre-à-Bot;Pierre-à-Bot 106;2000;Neuchâtel;032 725 33 80;info@pintedepierreabot.ch;www.pintedepierreabot.ch;;Cuisine suisse, neuchâteloise, fondues, grillades;;"Ouvert 7 jours sur 7 dès 10:00 ; cuisine semaine 11:30-13:45 et 18:30-21:30 ; week-end non-stop 11:30-21:30";Aucun;12.08.2026;12.08.2026;12.08.2026;;Salva;Photo de la carte;Entrées;Tzatziki, Tarama et Dolmas;Amuse-gueule grec;13
Pinte de Pierre-à-Bot;Pierre-à-Bot 106;2000;Neuchâtel;032 725 33 80;info@pintedepierreabot.ch;www.pintedepierreabot.ch;;Cuisine suisse, neuchâteloise, fondues, grillades;;"Ouvert 7 jours sur 7 dès 10:00 ; cuisine semaine 11:30-13:45 et 18:30-21:30 ; week-end non-stop 11:30-21:30";Aucun;12.08.2026;12.08.2026;12.08.2026;;Salva;Photo de la carte;Entrées;Midhia saghanaki;Moules à la tomate et Feta;14
Pinte de Pierre-à-Bot;Pierre-à-Bot 106;2000;Neuchâtel;032 725 33 80;info@pintedepierreabot.ch;www.pintedepierreabot.ch;;Cuisine suisse, neuchâteloise, fondues, grillades;;"Ouvert 7 jours sur 7 dès 10:00 ; cuisine semaine 11:30-13:45 et 18:30-21:30 ; week-end non-stop 11:30-21:30";Aucun;12.08.2026;12.08.2026;12.08.2026;;Salva;Photo de la carte;Entrées;Chtipiti;Feta tiède et piments verts;12
Pinte de Pierre-à-Bot;Pierre-à-Bot 106;2000;Neuchâtel;032 725 33 80;info@pintedepierreabot.ch;www.pintedepierreabot.ch;;Cuisine suisse, neuchâteloise, fondues, grillades;;"Ouvert 7 jours sur 7 dès 10:00 ; cuisine semaine 11:30-13:45 et 18:30-21:30 ; week-end non-stop 11:30-21:30";Aucun;12.08.2026;12.08.2026;12.08.2026;;Salva;Photo de la carte;Entrées;Feuilles de vigne farcies;Crème citronnée;14
Pinte de Pierre-à-Bot;Pierre-à-Bot 106;2000;Neuchâtel;032 725 33 80;info@pintedepierreabot.ch;www.pintedepierreabot.ch;;Cuisine suisse, neuchâteloise, fondues, grillades;;"Ouvert 7 jours sur 7 dès 10:00 ; cuisine semaine 11:30-13:45 et 18:30-21:30 ; week-end non-stop 11:30-21:30";Aucun;12.08.2026;12.08.2026;12.08.2026;;Salva;Photo de la carte;Salades;Salade verte – grande;;12
Pinte de Pierre-à-Bot;Pierre-à-Bot 106;2000;Neuchâtel;032 725 33 80;info@pintedepierreabot.ch;www.pintedepierreabot.ch;;Cuisine suisse, neuchâteloise, fondues, grillades;;"Ouvert 7 jours sur 7 dès 10:00 ; cuisine semaine 11:30-13:45 et 18:30-21:30 ; week-end non-stop 11:30-21:30";Aucun;12.08.2026;12.08.2026;12.08.2026;;Salva;Photo de la carte;Salades;Salade mêlée – grande;;15
Pinte de Pierre-à-Bot;Pierre-à-Bot 106;2000;Neuchâtel;032 725 33 80;info@pintedepierreabot.ch;www.pintedepierreabot.ch;;Cuisine suisse, neuchâteloise, fondues, grillades;;"Ouvert 7 jours sur 7 dès 10:00 ; cuisine semaine 11:30-13:45 et 18:30-21:30 ; week-end non-stop 11:30-21:30";Aucun;12.08.2026;12.08.2026;12.08.2026;;Salva;Photo de la carte;Salades;Salade de la mer;Thon, crevettes, moules;25
Pinte de Pierre-à-Bot;Pierre-à-Bot 106;2000;Neuchâtel;032 725 33 80;info@pintedepierreabot.ch;www.pintedepierreabot.ch;;Cuisine suisse, neuchâteloise, fondues, grillades;;"Ouvert 7 jours sur 7 dès 10:00 ; cuisine semaine 11:30-13:45 et 18:30-21:30 ; week-end non-stop 11:30-21:30";Aucun;12.08.2026;12.08.2026;12.08.2026;;Salva;Photo de la carte;Salades;Salade mêlée à la truite fumée;Sauce tartare;25
Pinte de Pierre-à-Bot;Pierre-à-Bot 106;2000;Neuchâtel;032 725 33 80;info@pintedepierreabot.ch;www.pintedepierreabot.ch;;Cuisine suisse, neuchâteloise, fondues, grillades;;"Ouvert 7 jours sur 7 dès 10:00 ; cuisine semaine 11:30-13:45 et 18:30-21:30 ; week-end non-stop 11:30-21:30";Aucun;12.08.2026;12.08.2026;12.08.2026;;Salva;Photo de la carte;Salades;Salade grecque;Feta, olives, oignon, tomate et concombre;24
Pinte de Pierre-à-Bot;Pierre-à-Bot 106;2000;Neuchâtel;032 725 33 80;info@pintedepierreabot.ch;www.pintedepierreabot.ch;;Cuisine suisse, neuchâteloise, fondues, grillades;;"Ouvert 7 jours sur 7 dès 10:00 ; cuisine semaine 11:30-13:45 et 18:30-21:30 ; week-end non-stop 11:30-21:30";Aucun;12.08.2026;12.08.2026;12.08.2026;;Salva;Photo de la carte;Salades;Salade au saucisson neuchâtelois;Grillé sur toast;25
Pinte de Pierre-à-Bot;Pierre-à-Bot 106;2000;Neuchâtel;032 725 33 80;info@pintedepierreabot.ch;www.pintedepierreabot.ch;;Cuisine suisse, neuchâteloise, fondues, grillades;;"Ouvert 7 jours sur 7 dès 10:00 ; cuisine semaine 11:30-13:45 et 18:30-21:30 ; week-end non-stop 11:30-21:30";Aucun;12.08.2026;12.08.2026;12.08.2026;;Salva;Photo de la carte;Salades;Salade paysanne;Viande séchée, saucisson, jambon, fromage;25
Pinte de Pierre-à-Bot;Pierre-à-Bot 106;2000;Neuchâtel;032 725 33 80;info@pintedepierreabot.ch;www.pintedepierreabot.ch;;Cuisine suisse, neuchâteloise, fondues, grillades;;"Ouvert 7 jours sur 7 dès 10:00 ; cuisine semaine 11:30-13:45 et 18:30-21:30 ; week-end non-stop 11:30-21:30";Aucun;12.08.2026;12.08.2026;12.08.2026;;Salva;Photo de la carte;Salades;Salade de chèvre chaud au miel;Sur toast;25
Pinte de Pierre-à-Bot;Pierre-à-Bot 106;2000;Neuchâtel;032 725 33 80;info@pintedepierreabot.ch;www.pintedepierreabot.ch;;Cuisine suisse, neuchâteloise, fondues, grillades;;"Ouvert 7 jours sur 7 dès 10:00 ; cuisine semaine 11:30-13:45 et 18:30-21:30 ; week-end non-stop 11:30-21:30";Aucun;12.08.2026;12.08.2026;12.08.2026;;Salva;Photo de la carte;Salades;Salade niçoise;Thon, œuf, olives, oignon, tomates, haricots verts;25
Pinte de Pierre-à-Bot;Pierre-à-Bot 106;2000;Neuchâtel;032 725 33 80;info@pintedepierreabot.ch;www.pintedepierreabot.ch;;Cuisine suisse, neuchâteloise, fondues, grillades;;"Ouvert 7 jours sur 7 dès 10:00 ; cuisine semaine 11:30-13:45 et 18:30-21:30 ; week-end non-stop 11:30-21:30";Aucun;12.08.2026;12.08.2026;12.08.2026;;Salva;Photo de la carte;Salades;Roast-beef;Sauce tartare et salade mêlée;28
Pinte de Pierre-à-Bot;Pierre-à-Bot 106;2000;Neuchâtel;032 725 33 80;info@pintedepierreabot.ch;www.pintedepierreabot.ch;;Cuisine suisse, neuchâteloise, fondues, grillades;;"Ouvert 7 jours sur 7 dès 10:00 ; cuisine semaine 11:30-13:45 et 18:30-21:30 ; week-end non-stop 11:30-21:30";Aucun;12.08.2026;12.08.2026;12.08.2026;;Salva;Photo de la carte;Pâtes;Linguine au saumon fumé;;23
Pinte de Pierre-à-Bot;Pierre-à-Bot 106;2000;Neuchâtel;032 725 33 80;info@pintedepierreabot.ch;www.pintedepierreabot.ch;;Cuisine suisse, neuchâteloise, fondues, grillades;;"Ouvert 7 jours sur 7 dès 10:00 ; cuisine semaine 11:30-13:45 et 18:30-21:30 ; week-end non-stop 11:30-21:30";Aucun;12.08.2026;12.08.2026;12.08.2026;;Salva;Photo de la carte;Pâtes;Linguine aux gambas et curry;;29
Pinte de Pierre-à-Bot;Pierre-à-Bot 106;2000;Neuchâtel;032 725 33 80;info@pintedepierreabot.ch;www.pintedepierreabot.ch;;Cuisine suisse, neuchâteloise, fondues, grillades;;"Ouvert 7 jours sur 7 dès 10:00 ; cuisine semaine 11:30-13:45 et 18:30-21:30 ; week-end non-stop 11:30-21:30";Aucun;12.08.2026;12.08.2026;12.08.2026;;Salva;Photo de la carte;Pâtes;Linguine aux gambas et ail;;29
Pinte de Pierre-à-Bot;Pierre-à-Bot 106;2000;Neuchâtel;032 725 33 80;info@pintedepierreabot.ch;www.pintedepierreabot.ch;;Cuisine suisse, neuchâteloise, fondues, grillades;;"Ouvert 7 jours sur 7 dès 10:00 ; cuisine semaine 11:30-13:45 et 18:30-21:30 ; week-end non-stop 11:30-21:30";Aucun;12.08.2026;12.08.2026;12.08.2026;;Salva;Photo de la carte;Pâtes;Linguine aux moules, tomates et Feta;;23
Pinte de Pierre-à-Bot;Pierre-à-Bot 106;2000;Neuchâtel;032 725 33 80;info@pintedepierreabot.ch;www.pintedepierreabot.ch;;Cuisine suisse, neuchâteloise, fondues, grillades;;"Ouvert 7 jours sur 7 dès 10:00 ; cuisine semaine 11:30-13:45 et 18:30-21:30 ; week-end non-stop 11:30-21:30";Aucun;12.08.2026;12.08.2026;12.08.2026;;Salva;Photo de la carte;Pâtes;Linguine végétarien;;21
Pinte de Pierre-à-Bot;Pierre-à-Bot 106;2000;Neuchâtel;032 725 33 80;info@pintedepierreabot.ch;www.pintedepierreabot.ch;;Cuisine suisse, neuchâteloise, fondues, grillades;;"Ouvert 7 jours sur 7 dès 10:00 ; cuisine semaine 11:30-13:45 et 18:30-21:30 ; week-end non-stop 11:30-21:30";Aucun;12.08.2026;12.08.2026;12.08.2026;;Salva;Photo de la carte;Pâtes;Linguine à la forestière;;23
Pinte de Pierre-à-Bot;Pierre-à-Bot 106;2000;Neuchâtel;032 725 33 80;info@pintedepierreabot.ch;www.pintedepierreabot.ch;;Cuisine suisse, neuchâteloise, fondues, grillades;;"Ouvert 7 jours sur 7 dès 10:00 ; cuisine semaine 11:30-13:45 et 18:30-21:30 ; week-end non-stop 11:30-21:30";Aucun;12.08.2026;12.08.2026;12.08.2026;;Salva;Photo de la carte;Pâtes;Linguine aux morilles;;31
Pinte de Pierre-à-Bot;Pierre-à-Bot 106;2000;Neuchâtel;032 725 33 80;info@pintedepierreabot.ch;www.pintedepierreabot.ch;;Cuisine suisse, neuchâteloise, fondues, grillades;;"Ouvert 7 jours sur 7 dès 10:00 ; cuisine semaine 11:30-13:45 et 18:30-21:30 ; week-end non-stop 11:30-21:30";Aucun;12.08.2026;12.08.2026;12.08.2026;;Salva;Photo de la carte;Fruits de mer et poissons;"Fondue ""Bacchus"" – 250 g";"Fruits de mer et poissons ; sauces, frites et riz ; dès 2 pers.";42
Pinte de Pierre-à-Bot;Pierre-à-Bot 106;2000;Neuchâtel;032 725 33 80;info@pintedepierreabot.ch;www.pintedepierreabot.ch;;Cuisine suisse, neuchâteloise, fondues, grillades;;"Ouvert 7 jours sur 7 dès 10:00 ; cuisine semaine 11:30-13:45 et 18:30-21:30 ; week-end non-stop 11:30-21:30";Aucun;12.08.2026;12.08.2026;12.08.2026;;Salva;Photo de la carte;Fruits de mer et poissons;"Fondue ""Bacchus"" – 200 g";"Fruits de mer et poissons ; sauces, frites et riz ; dès 2 pers.";36
Pinte de Pierre-à-Bot;Pierre-à-Bot 106;2000;Neuchâtel;032 725 33 80;info@pintedepierreabot.ch;www.pintedepierreabot.ch;;Cuisine suisse, neuchâteloise, fondues, grillades;;"Ouvert 7 jours sur 7 dès 10:00 ; cuisine semaine 11:30-13:45 et 18:30-21:30 ; week-end non-stop 11:30-21:30";Aucun;12.08.2026;12.08.2026;12.08.2026;;Salva;Photo de la carte;Fruits de mer et poissons;Tartare de saumon;Toasts, beurre et frites;33
Pinte de Pierre-à-Bot;Pierre-à-Bot 106;2000;Neuchâtel;032 725 33 80;info@pintedepierreabot.ch;www.pintedepierreabot.ch;;Cuisine suisse, neuchâteloise, fondues, grillades;;"Ouvert 7 jours sur 7 dès 10:00 ; cuisine semaine 11:30-13:45 et 18:30-21:30 ; week-end non-stop 11:30-21:30";Aucun;12.08.2026;12.08.2026;12.08.2026;;Salva;Photo de la carte;Fruits de mer et poissons;Crevettes géantes à l'ail;Coriandre et piment;36
Pinte de Pierre-à-Bot;Pierre-à-Bot 106;2000;Neuchâtel;032 725 33 80;info@pintedepierreabot.ch;www.pintedepierreabot.ch;;Cuisine suisse, neuchâteloise, fondues, grillades;;"Ouvert 7 jours sur 7 dès 10:00 ; cuisine semaine 11:30-13:45 et 18:30-21:30 ; week-end non-stop 11:30-21:30";Aucun;12.08.2026;12.08.2026;12.08.2026;;Salva;Photo de la carte;Fruits de mer et poissons;Filet de saumon à l'unilatérale;Fleur de sel;36
Pinte de Pierre-à-Bot;Pierre-à-Bot 106;2000;Neuchâtel;032 725 33 80;info@pintedepierreabot.ch;www.pintedepierreabot.ch;;Cuisine suisse, neuchâteloise, fondues, grillades;;"Ouvert 7 jours sur 7 dès 10:00 ; cuisine semaine 11:30-13:45 et 18:30-21:30 ; week-end non-stop 11:30-21:30";Aucun;12.08.2026;12.08.2026;12.08.2026;;Salva;Photo de la carte;Viandes;Tartare de bœuf;Toasts, beurre et frites;36
Pinte de Pierre-à-Bot;Pierre-à-Bot 106;2000;Neuchâtel;032 725 33 80;info@pintedepierreabot.ch;www.pintedepierreabot.ch;;Cuisine suisse, neuchâteloise, fondues, grillades;;"Ouvert 7 jours sur 7 dès 10:00 ; cuisine semaine 11:30-13:45 et 18:30-21:30 ; week-end non-stop 11:30-21:30";Aucun;12.08.2026;12.08.2026;12.08.2026;;Salva;Photo de la carte;Viandes;Tartare de bœuf à la truffe;Toasts, beurre et frites;38
Pinte de Pierre-à-Bot;Pierre-à-Bot 106;2000;Neuchâtel;032 725 33 80;info@pintedepierreabot.ch;www.pintedepierreabot.ch;;Cuisine suisse, neuchâteloise, fondues, grillades;;"Ouvert 7 jours sur 7 dès 10:00 ; cuisine semaine 11:30-13:45 et 18:30-21:30 ; week-end non-stop 11:30-21:30";Aucun;12.08.2026;12.08.2026;12.08.2026;;Salva;Photo de la carte;Viandes;Jambon à l'os;;25
Pinte de Pierre-à-Bot;Pierre-à-Bot 106;2000;Neuchâtel;032 725 33 80;info@pintedepierreabot.ch;www.pintedepierreabot.ch;;Cuisine suisse, neuchâteloise, fondues, grillades;;"Ouvert 7 jours sur 7 dès 10:00 ; cuisine semaine 11:30-13:45 et 18:30-21:30 ; week-end non-stop 11:30-21:30";Aucun;12.08.2026;12.08.2026;12.08.2026;;Salva;Photo de la carte;Viandes;Souvlakis;Brochettes de porc, cheval et poulet à la grecque;30
Pinte de Pierre-à-Bot;Pierre-à-Bot 106;2000;Neuchâtel;032 725 33 80;info@pintedepierreabot.ch;www.pintedepierreabot.ch;;Cuisine suisse, neuchâteloise, fondues, grillades;;"Ouvert 7 jours sur 7 dès 10:00 ; cuisine semaine 11:30-13:45 et 18:30-21:30 ; week-end non-stop 11:30-21:30";Aucun;12.08.2026;12.08.2026;12.08.2026;;Salva;Photo de la carte;Viandes;Brochette terre/mer;Bœuf et crevettes à l'ail et coriandre;39
Pinte de Pierre-à-Bot;Pierre-à-Bot 106;2000;Neuchâtel;032 725 33 80;info@pintedepierreabot.ch;www.pintedepierreabot.ch;;Cuisine suisse, neuchâteloise, fondues, grillades;;"Ouvert 7 jours sur 7 dès 10:00 ; cuisine semaine 11:30-13:45 et 18:30-21:30 ; week-end non-stop 11:30-21:30";Aucun;12.08.2026;12.08.2026;12.08.2026;;Salva;Photo de la carte;Viandes;Roast-beef;Sauce tartare et frites;28
Pinte de Pierre-à-Bot;Pierre-à-Bot 106;2000;Neuchâtel;032 725 33 80;info@pintedepierreabot.ch;www.pintedepierreabot.ch;;Cuisine suisse, neuchâteloise, fondues, grillades;;"Ouvert 7 jours sur 7 dès 10:00 ; cuisine semaine 11:30-13:45 et 18:30-21:30 ; week-end non-stop 11:30-21:30";Aucun;12.08.2026;12.08.2026;12.08.2026;;Salva;Photo de la carte;Menu enfant;Sticks de poisson, frites;;12
Pinte de Pierre-à-Bot;Pierre-à-Bot 106;2000;Neuchâtel;032 725 33 80;info@pintedepierreabot.ch;www.pintedepierreabot.ch;;Cuisine suisse, neuchâteloise, fondues, grillades;;"Ouvert 7 jours sur 7 dès 10:00 ; cuisine semaine 11:30-13:45 et 18:30-21:30 ; week-end non-stop 11:30-21:30";Aucun;12.08.2026;12.08.2026;12.08.2026;;Salva;Photo de la carte;Menu enfant;Petit steak de bœuf, frites;;15
Pinte de Pierre-à-Bot;Pierre-à-Bot 106;2000;Neuchâtel;032 725 33 80;info@pintedepierreabot.ch;www.pintedepierreabot.ch;;Cuisine suisse, neuchâteloise, fondues, grillades;;"Ouvert 7 jours sur 7 dès 10:00 ; cuisine semaine 11:30-13:45 et 18:30-21:30 ; week-end non-stop 11:30-21:30";Aucun;12.08.2026;12.08.2026;12.08.2026;;Salva;Photo de la carte;Menu enfant;Escalope de volaille, frites;;12
Pinte de Pierre-à-Bot;Pierre-à-Bot 106;2000;Neuchâtel;032 725 33 80;info@pintedepierreabot.ch;www.pintedepierreabot.ch;;Cuisine suisse, neuchâteloise, fondues, grillades;;"Ouvert 7 jours sur 7 dès 10:00 ; cuisine semaine 11:30-13:45 et 18:30-21:30 ; week-end non-stop 11:30-21:30";Aucun;12.08.2026;12.08.2026;12.08.2026;;Salva;Photo de la carte;Menu enfant;Jambon à l'os, frites;;12
Pinte de Pierre-à-Bot;Pierre-à-Bot 106;2000;Neuchâtel;032 725 33 80;info@pintedepierreabot.ch;www.pintedepierreabot.ch;;Cuisine suisse, neuchâteloise, fondues, grillades;;"Ouvert 7 jours sur 7 dès 10:00 ; cuisine semaine 11:30-13:45 et 18:30-21:30 ; week-end non-stop 11:30-21:30";Aucun;12.08.2026;12.08.2026;12.08.2026;;Salva;Photo de la carte;Menu enfant;Linguine au choix;Voir sauces Linguine;12
Pinte de Pierre-à-Bot;Pierre-à-Bot 106;2000;Neuchâtel;032 725 33 80;info@pintedepierreabot.ch;www.pintedepierreabot.ch;;Cuisine suisse, neuchâteloise, fondues, grillades;;"Ouvert 7 jours sur 7 dès 10:00 ; cuisine semaine 11:30-13:45 et 18:30-21:30 ; week-end non-stop 11:30-21:30";Aucun;12.08.2026;12.08.2026;12.08.2026;;Salva;Photo de la carte;Menu enfant;Assiette de légumes;;8
Pinte de Pierre-à-Bot;Pierre-à-Bot 106;2000;Neuchâtel;032 725 33 80;info@pintedepierreabot.ch;www.pintedepierreabot.ch;;Cuisine suisse, neuchâteloise, fondues, grillades;;"Ouvert 7 jours sur 7 dès 10:00 ; cuisine semaine 11:30-13:45 et 18:30-21:30 ; week-end non-stop 11:30-21:30";Aucun;12.08.2026;12.08.2026;12.08.2026;;Salva;Photo de la carte;Menu enfant;Portion de frites ou linguine nature;;8
Pinte de Pierre-à-Bot;Pierre-à-Bot 106;2000;Neuchâtel;032 725 33 80;info@pintedepierreabot.ch;www.pintedepierreabot.ch;;Cuisine suisse, neuchâteloise, fondues, grillades;;"Ouvert 7 jours sur 7 dès 10:00 ; cuisine semaine 11:30-13:45 et 18:30-21:30 ; week-end non-stop 11:30-21:30";Aucun;12.08.2026;12.08.2026;12.08.2026;;Salva;Photo de la carte;Menu enfant;Garniture : frites, pâtes, riz ou légumes;;5
Pinte de Pierre-à-Bot;Pierre-à-Bot 106;2000;Neuchâtel;032 725 33 80;info@pintedepierreabot.ch;www.pintedepierreabot.ch;;Cuisine suisse, neuchâteloise, fondues, grillades;;"Ouvert 7 jours sur 7 dès 10:00 ; cuisine semaine 11:30-13:45 et 18:30-21:30 ; week-end non-stop 11:30-21:30";Aucun;12.08.2026;12.08.2026;12.08.2026;;Salva;Photo de la carte;Fromages;Croûte forestière;Demi-portion 13 CHF;23
Pinte de Pierre-à-Bot;Pierre-à-Bot 106;2000;Neuchâtel;032 725 33 80;info@pintedepierreabot.ch;www.pintedepierreabot.ch;;Cuisine suisse, neuchâteloise, fondues, grillades;;"Ouvert 7 jours sur 7 dès 10:00 ; cuisine semaine 11:30-13:45 et 18:30-21:30 ; week-end non-stop 11:30-21:30";Aucun;12.08.2026;12.08.2026;12.08.2026;;Salva;Photo de la carte;Fromages;Croûte aux morilles;Demi-portion 16 CHF;31
Pinte de Pierre-à-Bot;Pierre-à-Bot 106;2000;Neuchâtel;032 725 33 80;info@pintedepierreabot.ch;www.pintedepierreabot.ch;;Cuisine suisse, neuchâteloise, fondues, grillades;;"Ouvert 7 jours sur 7 dès 10:00 ; cuisine semaine 11:30-13:45 et 18:30-21:30 ; week-end non-stop 11:30-21:30";Aucun;12.08.2026;12.08.2026;12.08.2026;;Salva;Photo de la carte;Fromages;Croûte au fromage;Suppléments : œuf, tomate, échalote, jambon à 1 CHF chacun;23
Pinte de Pierre-à-Bot;Pierre-à-Bot 106;2000;Neuchâtel;032 725 33 80;info@pintedepierreabot.ch;www.pintedepierreabot.ch;;Cuisine suisse, neuchâteloise, fondues, grillades;;"Ouvert 7 jours sur 7 dès 10:00 ; cuisine semaine 11:30-13:45 et 18:30-21:30 ; week-end non-stop 11:30-21:30";Aucun;12.08.2026;12.08.2026;12.08.2026;;Salva;Photo de la carte;Fromages;Tomme neuchâteloise;;7.50
Pinte de Pierre-à-Bot;Pierre-à-Bot 106;2000;Neuchâtel;032 725 33 80;info@pintedepierreabot.ch;www.pintedepierreabot.ch;;Cuisine suisse, neuchâteloise, fondues, grillades;;"Ouvert 7 jours sur 7 dès 10:00 ; cuisine semaine 11:30-13:45 et 18:30-21:30 ; week-end non-stop 11:30-21:30";Aucun;12.08.2026;12.08.2026;12.08.2026;;Salva;Photo de la carte;Fromages;Tomme neuchâteloise chaude;;8
Pinte de Pierre-à-Bot;Pierre-à-Bot 106;2000;Neuchâtel;032 725 33 80;info@pintedepierreabot.ch;www.pintedepierreabot.ch;;Cuisine suisse, neuchâteloise, fondues, grillades;;"Ouvert 7 jours sur 7 dès 10:00 ; cuisine semaine 11:30-13:45 et 18:30-21:30 ; week-end non-stop 11:30-21:30";Aucun;12.08.2026;12.08.2026;12.08.2026;;Salva;Photo de la carte;Fromages;Assortiment de fromages;;12
Pinte de Pierre-à-Bot;Pierre-à-Bot 106;2000;Neuchâtel;032 725 33 80;info@pintedepierreabot.ch;www.pintedepierreabot.ch;;Cuisine suisse, neuchâteloise, fondues, grillades;;"Ouvert 7 jours sur 7 dès 10:00 ; cuisine semaine 11:30-13:45 et 18:30-21:30 ; week-end non-stop 11:30-21:30";Aucun;12.08.2026;12.08.2026;12.08.2026;;Salva;Photo de la carte;Fromages;Raclette – 300 g;Dès 2 pers.;36
Pinte de Pierre-à-Bot;Pierre-à-Bot 106;2000;Neuchâtel;032 725 33 80;info@pintedepierreabot.ch;www.pintedepierreabot.ch;;Cuisine suisse, neuchâteloise, fondues, grillades;;"Ouvert 7 jours sur 7 dès 10:00 ; cuisine semaine 11:30-13:45 et 18:30-21:30 ; week-end non-stop 11:30-21:30";Aucun;12.08.2026;12.08.2026;12.08.2026;;Salva;Photo de la carte;Fromages;Raclette – 250 g;Dès 2 pers.;30
Pinte de Pierre-à-Bot;Pierre-à-Bot 106;2000;Neuchâtel;032 725 33 80;info@pintedepierreabot.ch;www.pintedepierreabot.ch;;Cuisine suisse, neuchâteloise, fondues, grillades;;"Ouvert 7 jours sur 7 dès 10:00 ; cuisine semaine 11:30-13:45 et 18:30-21:30 ; week-end non-stop 11:30-21:30";Aucun;12.08.2026;12.08.2026;12.08.2026;;Salva;Photo de la carte;Fromages;Raclette – 200 g;Dès 2 pers.;24
Pinte de Pierre-à-Bot;Pierre-à-Bot 106;2000;Neuchâtel;032 725 33 80;info@pintedepierreabot.ch;www.pintedepierreabot.ch;;Cuisine suisse, neuchâteloise, fondues, grillades;;"Ouvert 7 jours sur 7 dès 10:00 ; cuisine semaine 11:30-13:45 et 18:30-21:30 ; week-end non-stop 11:30-21:30";Aucun;12.08.2026;12.08.2026;12.08.2026;;Salva;Photo de la carte;Desserts;Fondue au chocolat aux fruits frais;"Dès 2 pers., prix par personne ; à commander en début de repas et jusqu'à 22:00";15
Pinte de Pierre-à-Bot;Pierre-à-Bot 106;2000;Neuchâtel;032 725 33 80;info@pintedepierreabot.ch;www.pintedepierreabot.ch;;Cuisine suisse, neuchâteloise, fondues, grillades;;"Ouvert 7 jours sur 7 dès 10:00 ; cuisine semaine 11:30-13:45 et 18:30-21:30 ; week-end non-stop 11:30-21:30";Aucun;12.08.2026;12.08.2026;12.08.2026;;Salva;Photo de la carte;Fondues au fromage;Fondue Neuchâteloise – 300 g;Gruyères, ail, Kirsch;36
Pinte de Pierre-à-Bot;Pierre-à-Bot 106;2000;Neuchâtel;032 725 33 80;info@pintedepierreabot.ch;www.pintedepierreabot.ch;;Cuisine suisse, neuchâteloise, fondues, grillades;;"Ouvert 7 jours sur 7 dès 10:00 ; cuisine semaine 11:30-13:45 et 18:30-21:30 ; week-end non-stop 11:30-21:30";Aucun;12.08.2026;12.08.2026;12.08.2026;;Salva;Photo de la carte;Fondues au fromage;Fondue Neuchâteloise – 250 g;Gruyères, ail, Kirsch;30
Pinte de Pierre-à-Bot;Pierre-à-Bot 106;2000;Neuchâtel;032 725 33 80;info@pintedepierreabot.ch;www.pintedepierreabot.ch;;Cuisine suisse, neuchâteloise, fondues, grillades;;"Ouvert 7 jours sur 7 dès 10:00 ; cuisine semaine 11:30-13:45 et 18:30-21:30 ; week-end non-stop 11:30-21:30";Aucun;12.08.2026;12.08.2026;12.08.2026;;Salva;Photo de la carte;Fondues au fromage;Fondue Neuchâteloise – 200 g;Gruyères, ail, Kirsch;24
Pinte de Pierre-à-Bot;Pierre-à-Bot 106;2000;Neuchâtel;032 725 33 80;info@pintedepierreabot.ch;www.pintedepierreabot.ch;;Cuisine suisse, neuchâteloise, fondues, grillades;;"Ouvert 7 jours sur 7 dès 10:00 ; cuisine semaine 11:30-13:45 et 18:30-21:30 ; week-end non-stop 11:30-21:30";Aucun;12.08.2026;12.08.2026;12.08.2026;;Salva;Photo de la carte;Fondues au fromage;Fondue Moitié-moitié Vacherin-Gruyère – 300 g;Sans/avec ail;36
Pinte de Pierre-à-Bot;Pierre-à-Bot 106;2000;Neuchâtel;032 725 33 80;info@pintedepierreabot.ch;www.pintedepierreabot.ch;;Cuisine suisse, neuchâteloise, fondues, grillades;;"Ouvert 7 jours sur 7 dès 10:00 ; cuisine semaine 11:30-13:45 et 18:30-21:30 ; week-end non-stop 11:30-21:30";Aucun;12.08.2026;12.08.2026;12.08.2026;;Salva;Photo de la carte;Fondues au fromage;Fondue Moitié-moitié Vacherin-Gruyère – 250 g;Sans/avec ail;30
Pinte de Pierre-à-Bot;Pierre-à-Bot 106;2000;Neuchâtel;032 725 33 80;info@pintedepierreabot.ch;www.pintedepierreabot.ch;;Cuisine suisse, neuchâteloise, fondues, grillades;;"Ouvert 7 jours sur 7 dès 10:00 ; cuisine semaine 11:30-13:45 et 18:30-21:30 ; week-end non-stop 11:30-21:30";Aucun;12.08.2026;12.08.2026;12.08.2026;;Salva;Photo de la carte;Fondues au fromage;Fondue Moitié-moitié Vacherin-Gruyère – 200 g;Sans/avec ail;24
Pinte de Pierre-à-Bot;Pierre-à-Bot 106;2000;Neuchâtel;032 725 33 80;info@pintedepierreabot.ch;www.pintedepierreabot.ch;;Cuisine suisse, neuchâteloise, fondues, grillades;;"Ouvert 7 jours sur 7 dès 10:00 ; cuisine semaine 11:30-13:45 et 18:30-21:30 ; week-end non-stop 11:30-21:30";Aucun;12.08.2026;12.08.2026;12.08.2026;;Salva;Photo de la carte;Fondues au fromage;Fondue Valaisanne – 300 g;Raclette, Gruyère, ail, Kirsch;36
Pinte de Pierre-à-Bot;Pierre-à-Bot 106;2000;Neuchâtel;032 725 33 80;info@pintedepierreabot.ch;www.pintedepierreabot.ch;;Cuisine suisse, neuchâteloise, fondues, grillades;;"Ouvert 7 jours sur 7 dès 10:00 ; cuisine semaine 11:30-13:45 et 18:30-21:30 ; week-end non-stop 11:30-21:30";Aucun;12.08.2026;12.08.2026;12.08.2026;;Salva;Photo de la carte;Fondues au fromage;Fondue Valaisanne – 250 g;Raclette, Gruyère, ail, Kirsch;30
Pinte de Pierre-à-Bot;Pierre-à-Bot 106;2000;Neuchâtel;032 725 33 80;info@pintedepierreabot.ch;www.pintedepierreabot.ch;;Cuisine suisse, neuchâteloise, fondues, grillades;;"Ouvert 7 jours sur 7 dès 10:00 ; cuisine semaine 11:30-13:45 et 18:30-21:30 ; week-end non-stop 11:30-21:30";Aucun;12.08.2026;12.08.2026;12.08.2026;;Salva;Photo de la carte;Fondues au fromage;Fondue Valaisanne – 200 g;Raclette, Gruyère, ail, Kirsch;24
Pinte de Pierre-à-Bot;Pierre-à-Bot 106;2000;Neuchâtel;032 725 33 80;info@pintedepierreabot.ch;www.pintedepierreabot.ch;;Cuisine suisse, neuchâteloise, fondues, grillades;;"Ouvert 7 jours sur 7 dès 10:00 ; cuisine semaine 11:30-13:45 et 18:30-21:30 ; week-end non-stop 11:30-21:30";Aucun;12.08.2026;12.08.2026;12.08.2026;;Salva;Photo de la carte;Fondues au fromage;Fondue Fribourgeoise – 300 g;Vacherin tiède;36
Pinte de Pierre-à-Bot;Pierre-à-Bot 106;2000;Neuchâtel;032 725 33 80;info@pintedepierreabot.ch;www.pintedepierreabot.ch;;Cuisine suisse, neuchâteloise, fondues, grillades;;"Ouvert 7 jours sur 7 dès 10:00 ; cuisine semaine 11:30-13:45 et 18:30-21:30 ; week-end non-stop 11:30-21:30";Aucun;12.08.2026;12.08.2026;12.08.2026;;Salva;Photo de la carte;Fondues au fromage;Fondue Fribourgeoise – 250 g;Vacherin tiède;30
Pinte de Pierre-à-Bot;Pierre-à-Bot 106;2000;Neuchâtel;032 725 33 80;info@pintedepierreabot.ch;www.pintedepierreabot.ch;;Cuisine suisse, neuchâteloise, fondues, grillades;;"Ouvert 7 jours sur 7 dès 10:00 ; cuisine semaine 11:30-13:45 et 18:30-21:30 ; week-end non-stop 11:30-21:30";Aucun;12.08.2026;12.08.2026;12.08.2026;;Salva;Photo de la carte;Fondues au fromage;Fondue Fribourgeoise – 200 g;Vacherin tiède;24
Pinte de Pierre-à-Bot;Pierre-à-Bot 106;2000;Neuchâtel;032 725 33 80;info@pintedepierreabot.ch;www.pintedepierreabot.ch;;Cuisine suisse, neuchâteloise, fondues, grillades;;"Ouvert 7 jours sur 7 dès 10:00 ; cuisine semaine 11:30-13:45 et 18:30-21:30 ; week-end non-stop 11:30-21:30";Aucun;12.08.2026;12.08.2026;12.08.2026;;Salva;Photo de la carte;Fondues au fromage;Fondue Britchon à l’Œil de Perdrix – 300 g;Dès 2 pers.;39
Pinte de Pierre-à-Bot;Pierre-à-Bot 106;2000;Neuchâtel;032 725 33 80;info@pintedepierreabot.ch;www.pintedepierreabot.ch;;Cuisine suisse, neuchâteloise, fondues, grillades;;"Ouvert 7 jours sur 7 dès 10:00 ; cuisine semaine 11:30-13:45 et 18:30-21:30 ; week-end non-stop 11:30-21:30";Aucun;12.08.2026;12.08.2026;12.08.2026;;Salva;Photo de la carte;Fondues au fromage;Fondue Britchon à l’Œil de Perdrix – 250 g;Dès 2 pers.;32.50
Pinte de Pierre-à-Bot;Pierre-à-Bot 106;2000;Neuchâtel;032 725 33 80;info@pintedepierreabot.ch;www.pintedepierreabot.ch;;Cuisine suisse, neuchâteloise, fondues, grillades;;"Ouvert 7 jours sur 7 dès 10:00 ; cuisine semaine 11:30-13:45 et 18:30-21:30 ; week-end non-stop 11:30-21:30";Aucun;12.08.2026;12.08.2026;12.08.2026;;Salva;Photo de la carte;Fondues au fromage;Fondue Britchon à l’Œil de Perdrix – 200 g;Dès 2 pers.;26
Pinte de Pierre-à-Bot;Pierre-à-Bot 106;2000;Neuchâtel;032 725 33 80;info@pintedepierreabot.ch;www.pintedepierreabot.ch;;Cuisine suisse, neuchâteloise, fondues, grillades;;"Ouvert 7 jours sur 7 dès 10:00 ; cuisine semaine 11:30-13:45 et 18:30-21:30 ; week-end non-stop 11:30-21:30";Aucun;12.08.2026;12.08.2026;12.08.2026;;Salva;Photo de la carte;Fondues au fromage;Fondue aux tomates – 300 g;Dès 2 pers.;39
Pinte de Pierre-à-Bot;Pierre-à-Bot 106;2000;Neuchâtel;032 725 33 80;info@pintedepierreabot.ch;www.pintedepierreabot.ch;;Cuisine suisse, neuchâteloise, fondues, grillades;;"Ouvert 7 jours sur 7 dès 10:00 ; cuisine semaine 11:30-13:45 et 18:30-21:30 ; week-end non-stop 11:30-21:30";Aucun;12.08.2026;12.08.2026;12.08.2026;;Salva;Photo de la carte;Fondues au fromage;Fondue aux tomates – 250 g;Dès 2 pers.;32.50
Pinte de Pierre-à-Bot;Pierre-à-Bot 106;2000;Neuchâtel;032 725 33 80;info@pintedepierreabot.ch;www.pintedepierreabot.ch;;Cuisine suisse, neuchâteloise, fondues, grillades;;"Ouvert 7 jours sur 7 dès 10:00 ; cuisine semaine 11:30-13:45 et 18:30-21:30 ; week-end non-stop 11:30-21:30";Aucun;12.08.2026;12.08.2026;12.08.2026;;Salva;Photo de la carte;Fondues au fromage;Fondue aux tomates – 200 g;Dès 2 pers.;26
Pinte de Pierre-à-Bot;Pierre-à-Bot 106;2000;Neuchâtel;032 725 33 80;info@pintedepierreabot.ch;www.pintedepierreabot.ch;;Cuisine suisse, neuchâteloise, fondues, grillades;;"Ouvert 7 jours sur 7 dès 10:00 ; cuisine semaine 11:30-13:45 et 18:30-21:30 ; week-end non-stop 11:30-21:30";Aucun;12.08.2026;12.08.2026;12.08.2026;;Salva;Photo de la carte;Fondues au fromage;Fondue forestière – 300 g;Dès 2 pers.;39
Pinte de Pierre-à-Bot;Pierre-à-Bot 106;2000;Neuchâtel;032 725 33 80;info@pintedepierreabot.ch;www.pintedepierreabot.ch;;Cuisine suisse, neuchâteloise, fondues, grillades;;"Ouvert 7 jours sur 7 dès 10:00 ; cuisine semaine 11:30-13:45 et 18:30-21:30 ; week-end non-stop 11:30-21:30";Aucun;12.08.2026;12.08.2026;12.08.2026;;Salva;Photo de la carte;Fondues au fromage;Fondue forestière – 250 g;Dès 2 pers.;32.50
Pinte de Pierre-à-Bot;Pierre-à-Bot 106;2000;Neuchâtel;032 725 33 80;info@pintedepierreabot.ch;www.pintedepierreabot.ch;;Cuisine suisse, neuchâteloise, fondues, grillades;;"Ouvert 7 jours sur 7 dès 10:00 ; cuisine semaine 11:30-13:45 et 18:30-21:30 ; week-end non-stop 11:30-21:30";Aucun;12.08.2026;12.08.2026;12.08.2026;;Salva;Photo de la carte;Fondues au fromage;Fondue forestière – 200 g;Dès 2 pers.;26
Pinte de Pierre-à-Bot;Pierre-à-Bot 106;2000;Neuchâtel;032 725 33 80;info@pintedepierreabot.ch;www.pintedepierreabot.ch;;Cuisine suisse, neuchâteloise, fondues, grillades;;"Ouvert 7 jours sur 7 dès 10:00 ; cuisine semaine 11:30-13:45 et 18:30-21:30 ; week-end non-stop 11:30-21:30";Aucun;12.08.2026;12.08.2026;12.08.2026;;Salva;Photo de la carte;Fondues au fromage;Fondue aux bolets – 300 g;Dès 2 pers.;39
Pinte de Pierre-à-Bot;Pierre-à-Bot 106;2000;Neuchâtel;032 725 33 80;info@pintedepierreabot.ch;www.pintedepierreabot.ch;;Cuisine suisse, neuchâteloise, fondues, grillades;;"Ouvert 7 jours sur 7 dès 10:00 ; cuisine semaine 11:30-13:45 et 18:30-21:30 ; week-end non-stop 11:30-21:30";Aucun;12.08.2026;12.08.2026;12.08.2026;;Salva;Photo de la carte;Fondues au fromage;Fondue aux bolets – 250 g;Dès 2 pers.;32.50
Pinte de Pierre-à-Bot;Pierre-à-Bot 106;2000;Neuchâtel;032 725 33 80;info@pintedepierreabot.ch;www.pintedepierreabot.ch;;Cuisine suisse, neuchâteloise, fondues, grillades;;"Ouvert 7 jours sur 7 dès 10:00 ; cuisine semaine 11:30-13:45 et 18:30-21:30 ; week-end non-stop 11:30-21:30";Aucun;12.08.2026;12.08.2026;12.08.2026;;Salva;Photo de la carte;Fondues au fromage;Fondue aux bolets – 200 g;Dès 2 pers.;26
Pinte de Pierre-à-Bot;Pierre-à-Bot 106;2000;Neuchâtel;032 725 33 80;info@pintedepierreabot.ch;www.pintedepierreabot.ch;;Cuisine suisse, neuchâteloise, fondues, grillades;;"Ouvert 7 jours sur 7 dès 10:00 ; cuisine semaine 11:30-13:45 et 18:30-21:30 ; week-end non-stop 11:30-21:30";Aucun;12.08.2026;12.08.2026;12.08.2026;;Salva;Photo de la carte;Fondues au fromage;Fondue aux morilles – 300 g;Dès 2 pers.;45
Pinte de Pierre-à-Bot;Pierre-à-Bot 106;2000;Neuchâtel;032 725 33 80;info@pintedepierreabot.ch;www.pintedepierreabot.ch;;Cuisine suisse, neuchâteloise, fondues, grillades;;"Ouvert 7 jours sur 7 dès 10:00 ; cuisine semaine 11:30-13:45 et 18:30-21:30 ; week-end non-stop 11:30-21:30";Aucun;12.08.2026;12.08.2026;12.08.2026;;Salva;Photo de la carte;Fondues au fromage;Fondue aux morilles – 250 g;Dès 2 pers.;37.50
Pinte de Pierre-à-Bot;Pierre-à-Bot 106;2000;Neuchâtel;032 725 33 80;info@pintedepierreabot.ch;www.pintedepierreabot.ch;;Cuisine suisse, neuchâteloise, fondues, grillades;;"Ouvert 7 jours sur 7 dès 10:00 ; cuisine semaine 11:30-13:45 et 18:30-21:30 ; week-end non-stop 11:30-21:30";Aucun;12.08.2026;12.08.2026;12.08.2026;;Salva;Photo de la carte;Fondues au fromage;Fondue aux morilles – 200 g;Dès 2 pers.;30
Pinte de Pierre-à-Bot;Pierre-à-Bot 106;2000;Neuchâtel;032 725 33 80;info@pintedepierreabot.ch;www.pintedepierreabot.ch;;Cuisine suisse, neuchâteloise, fondues, grillades;;"Ouvert 7 jours sur 7 dès 10:00 ; cuisine semaine 11:30-13:45 et 18:30-21:30 ; week-end non-stop 11:30-21:30";Aucun;12.08.2026;12.08.2026;12.08.2026;;Salva;Photo de la carte;Fondues au fromage;Fondue à la truffe – 300 g;Dès 2 pers.;48
Pinte de Pierre-à-Bot;Pierre-à-Bot 106;2000;Neuchâtel;032 725 33 80;info@pintedepierreabot.ch;www.pintedepierreabot.ch;;Cuisine suisse, neuchâteloise, fondues, grillades;;"Ouvert 7 jours sur 7 dès 10:00 ; cuisine semaine 11:30-13:45 et 18:30-21:30 ; week-end non-stop 11:30-21:30";Aucun;12.08.2026;12.08.2026;12.08.2026;;Salva;Photo de la carte;Fondues au fromage;Fondue à la truffe – 250 g;Dès 2 pers.;40
Pinte de Pierre-à-Bot;Pierre-à-Bot 106;2000;Neuchâtel;032 725 33 80;info@pintedepierreabot.ch;www.pintedepierreabot.ch;;Cuisine suisse, neuchâteloise, fondues, grillades;;"Ouvert 7 jours sur 7 dès 10:00 ; cuisine semaine 11:30-13:45 et 18:30-21:30 ; week-end non-stop 11:30-21:30";Aucun;12.08.2026;12.08.2026;12.08.2026;;Salva;Photo de la carte;Fondues au fromage;Fondue à la truffe – 200 g;Dès 2 pers.;32
Pinte de Pierre-à-Bot;Pierre-à-Bot 106;2000;Neuchâtel;032 725 33 80;info@pintedepierreabot.ch;www.pintedepierreabot.ch;;Cuisine suisse, neuchâteloise, fondues, grillades;;"Ouvert 7 jours sur 7 dès 10:00 ; cuisine semaine 11:30-13:45 et 18:30-21:30 ; week-end non-stop 11:30-21:30";Aucun;12.08.2026;12.08.2026;12.08.2026;;Salva;Photo de la carte;Fondues au fromage;Fondue à l’échalote – 300 g;Dès 2 pers.;39
Pinte de Pierre-à-Bot;Pierre-à-Bot 106;2000;Neuchâtel;032 725 33 80;info@pintedepierreabot.ch;www.pintedepierreabot.ch;;Cuisine suisse, neuchâteloise, fondues, grillades;;"Ouvert 7 jours sur 7 dès 10:00 ; cuisine semaine 11:30-13:45 et 18:30-21:30 ; week-end non-stop 11:30-21:30";Aucun;12.08.2026;12.08.2026;12.08.2026;;Salva;Photo de la carte;Fondues au fromage;Fondue à l’échalote – 250 g;Dès 2 pers.;32.50
Pinte de Pierre-à-Bot;Pierre-à-Bot 106;2000;Neuchâtel;032 725 33 80;info@pintedepierreabot.ch;www.pintedepierreabot.ch;;Cuisine suisse, neuchâteloise, fondues, grillades;;"Ouvert 7 jours sur 7 dès 10:00 ; cuisine semaine 11:30-13:45 et 18:30-21:30 ; week-end non-stop 11:30-21:30";Aucun;12.08.2026;12.08.2026;12.08.2026;;Salva;Photo de la carte;Fondues au fromage;Fondue à l’échalote – 200 g;Dès 2 pers.;26
Pinte de Pierre-à-Bot;Pierre-à-Bot 106;2000;Neuchâtel;032 725 33 80;info@pintedepierreabot.ch;www.pintedepierreabot.ch;;Cuisine suisse, neuchâteloise, fondues, grillades;;"Ouvert 7 jours sur 7 dès 10:00 ; cuisine semaine 11:30-13:45 et 18:30-21:30 ; week-end non-stop 11:30-21:30";Aucun;12.08.2026;12.08.2026;12.08.2026;;Salva;Photo de la carte;Fondues au fromage;Fondue aux poireaux – 300 g;Dès 2 pers.;39
Pinte de Pierre-à-Bot;Pierre-à-Bot 106;2000;Neuchâtel;032 725 33 80;info@pintedepierreabot.ch;www.pintedepierreabot.ch;;Cuisine suisse, neuchâteloise, fondues, grillades;;"Ouvert 7 jours sur 7 dès 10:00 ; cuisine semaine 11:30-13:45 et 18:30-21:30 ; week-end non-stop 11:30-21:30";Aucun;12.08.2026;12.08.2026;12.08.2026;;Salva;Photo de la carte;Fondues au fromage;Fondue aux poireaux – 250 g;Dès 2 pers.;32.50
Pinte de Pierre-à-Bot;Pierre-à-Bot 106;2000;Neuchâtel;032 725 33 80;info@pintedepierreabot.ch;www.pintedepierreabot.ch;;Cuisine suisse, neuchâteloise, fondues, grillades;;"Ouvert 7 jours sur 7 dès 10:00 ; cuisine semaine 11:30-13:45 et 18:30-21:30 ; week-end non-stop 11:30-21:30";Aucun;12.08.2026;12.08.2026;12.08.2026;;Salva;Photo de la carte;Fondues au fromage;Fondue aux poireaux – 200 g;Dès 2 pers.;26
Pinte de Pierre-à-Bot;Pierre-à-Bot 106;2000;Neuchâtel;032 725 33 80;info@pintedepierreabot.ch;www.pintedepierreabot.ch;;Cuisine suisse, neuchâteloise, fondues, grillades;;"Ouvert 7 jours sur 7 dès 10:00 ; cuisine semaine 11:30-13:45 et 18:30-21:30 ; week-end non-stop 11:30-21:30";Aucun;12.08.2026;12.08.2026;12.08.2026;;Salva;Photo de la carte;Fondues au fromage;Fondue aux légumes provençaux – 300 g;Dès 2 pers.;39
Pinte de Pierre-à-Bot;Pierre-à-Bot 106;2000;Neuchâtel;032 725 33 80;info@pintedepierreabot.ch;www.pintedepierreabot.ch;;Cuisine suisse, neuchâteloise, fondues, grillades;;"Ouvert 7 jours sur 7 dès 10:00 ; cuisine semaine 11:30-13:45 et 18:30-21:30 ; week-end non-stop 11:30-21:30";Aucun;12.08.2026;12.08.2026;12.08.2026;;Salva;Photo de la carte;Fondues au fromage;Fondue aux légumes provençaux – 250 g;Dès 2 pers.;32.50
Pinte de Pierre-à-Bot;Pierre-à-Bot 106;2000;Neuchâtel;032 725 33 80;info@pintedepierreabot.ch;www.pintedepierreabot.ch;;Cuisine suisse, neuchâteloise, fondues, grillades;;"Ouvert 7 jours sur 7 dès 10:00 ; cuisine semaine 11:30-13:45 et 18:30-21:30 ; week-end non-stop 11:30-21:30";Aucun;12.08.2026;12.08.2026;12.08.2026;;Salva;Photo de la carte;Fondues au fromage;Fondue aux légumes provençaux – 200 g;Dès 2 pers.;26
Pinte de Pierre-à-Bot;Pierre-à-Bot 106;2000;Neuchâtel;032 725 33 80;info@pintedepierreabot.ch;www.pintedepierreabot.ch;;Cuisine suisse, neuchâteloise, fondues, grillades;;"Ouvert 7 jours sur 7 dès 10:00 ; cuisine semaine 11:30-13:45 et 18:30-21:30 ; week-end non-stop 11:30-21:30";Aucun;12.08.2026;12.08.2026;12.08.2026;;Salva;Photo de la carte;Fondues au fromage;Fondue aux mille herbes – 300 g;Dès 2 pers.;39
Pinte de Pierre-à-Bot;Pierre-à-Bot 106;2000;Neuchâtel;032 725 33 80;info@pintedepierreabot.ch;www.pintedepierreabot.ch;;Cuisine suisse, neuchâteloise, fondues, grillades;;"Ouvert 7 jours sur 7 dès 10:00 ; cuisine semaine 11:30-13:45 et 18:30-21:30 ; week-end non-stop 11:30-21:30";Aucun;12.08.2026;12.08.2026;12.08.2026;;Salva;Photo de la carte;Fondues au fromage;Fondue aux mille herbes – 250 g;Dès 2 pers.;32.50
Pinte de Pierre-à-Bot;Pierre-à-Bot 106;2000;Neuchâtel;032 725 33 80;info@pintedepierreabot.ch;www.pintedepierreabot.ch;;Cuisine suisse, neuchâteloise, fondues, grillades;;"Ouvert 7 jours sur 7 dès 10:00 ; cuisine semaine 11:30-13:45 et 18:30-21:30 ; week-end non-stop 11:30-21:30";Aucun;12.08.2026;12.08.2026;12.08.2026;;Salva;Photo de la carte;Fondues au fromage;Fondue aux mille herbes – 200 g;Dès 2 pers.;26
Pinte de Pierre-à-Bot;Pierre-à-Bot 106;2000;Neuchâtel;032 725 33 80;info@pintedepierreabot.ch;www.pintedepierreabot.ch;;Cuisine suisse, neuchâteloise, fondues, grillades;;"Ouvert 7 jours sur 7 dès 10:00 ; cuisine semaine 11:30-13:45 et 18:30-21:30 ; week-end non-stop 11:30-21:30";Aucun;12.08.2026;12.08.2026;12.08.2026;;Salva;Photo de la carte;Fondues au fromage;Fondue aux piments – 300 g;Dès 2 pers.;39
Pinte de Pierre-à-Bot;Pierre-à-Bot 106;2000;Neuchâtel;032 725 33 80;info@pintedepierreabot.ch;www.pintedepierreabot.ch;;Cuisine suisse, neuchâteloise, fondues, grillades;;"Ouvert 7 jours sur 7 dès 10:00 ; cuisine semaine 11:30-13:45 et 18:30-21:30 ; week-end non-stop 11:30-21:30";Aucun;12.08.2026;12.08.2026;12.08.2026;;Salva;Photo de la carte;Fondues au fromage;Fondue aux piments – 250 g;Dès 2 pers.;32.50
Pinte de Pierre-à-Bot;Pierre-à-Bot 106;2000;Neuchâtel;032 725 33 80;info@pintedepierreabot.ch;www.pintedepierreabot.ch;;Cuisine suisse, neuchâteloise, fondues, grillades;;"Ouvert 7 jours sur 7 dès 10:00 ; cuisine semaine 11:30-13:45 et 18:30-21:30 ; week-end non-stop 11:30-21:30";Aucun;12.08.2026;12.08.2026;12.08.2026;;Salva;Photo de la carte;Fondues au fromage;Fondue aux piments – 200 g;Dès 2 pers.;26
Pinte de Pierre-à-Bot;Pierre-à-Bot 106;2000;Neuchâtel;032 725 33 80;info@pintedepierreabot.ch;www.pintedepierreabot.ch;;Cuisine suisse, neuchâteloise, fondues, grillades;;"Ouvert 7 jours sur 7 dès 10:00 ; cuisine semaine 11:30-13:45 et 18:30-21:30 ; week-end non-stop 11:30-21:30";Aucun;12.08.2026;12.08.2026;12.08.2026;;Salva;Photo de la carte;Fondues au fromage;Fondue à la moutarde – 300 g;Dès 2 pers.;39
Pinte de Pierre-à-Bot;Pierre-à-Bot 106;2000;Neuchâtel;032 725 33 80;info@pintedepierreabot.ch;www.pintedepierreabot.ch;;Cuisine suisse, neuchâteloise, fondues, grillades;;"Ouvert 7 jours sur 7 dès 10:00 ; cuisine semaine 11:30-13:45 et 18:30-21:30 ; week-end non-stop 11:30-21:30";Aucun;12.08.2026;12.08.2026;12.08.2026;;Salva;Photo de la carte;Fondues au fromage;Fondue à la moutarde – 250 g;Dès 2 pers.;32.50
Pinte de Pierre-à-Bot;Pierre-à-Bot 106;2000;Neuchâtel;032 725 33 80;info@pintedepierreabot.ch;www.pintedepierreabot.ch;;Cuisine suisse, neuchâteloise, fondues, grillades;;"Ouvert 7 jours sur 7 dès 10:00 ; cuisine semaine 11:30-13:45 et 18:30-21:30 ; week-end non-stop 11:30-21:30";Aucun;12.08.2026;12.08.2026;12.08.2026;;Salva;Photo de la carte;Fondues au fromage;Fondue à la moutarde – 200 g;Dès 2 pers.;26
Pinte de Pierre-à-Bot;Pierre-à-Bot 106;2000;Neuchâtel;032 725 33 80;info@pintedepierreabot.ch;www.pintedepierreabot.ch;;Cuisine suisse, neuchâteloise, fondues, grillades;;"Ouvert 7 jours sur 7 dès 10:00 ; cuisine semaine 11:30-13:45 et 18:30-21:30 ; week-end non-stop 11:30-21:30";Aucun;12.08.2026;12.08.2026;12.08.2026;;Salva;Photo de la carte;Fondues au fromage;Fondue au poivre vert – 300 g;Dès 2 pers.;39
Pinte de Pierre-à-Bot;Pierre-à-Bot 106;2000;Neuchâtel;032 725 33 80;info@pintedepierreabot.ch;www.pintedepierreabot.ch;;Cuisine suisse, neuchâteloise, fondues, grillades;;"Ouvert 7 jours sur 7 dès 10:00 ; cuisine semaine 11:30-13:45 et 18:30-21:30 ; week-end non-stop 11:30-21:30";Aucun;12.08.2026;12.08.2026;12.08.2026;;Salva;Photo de la carte;Fondues au fromage;Fondue au poivre vert – 250 g;Dès 2 pers.;32.50
Pinte de Pierre-à-Bot;Pierre-à-Bot 106;2000;Neuchâtel;032 725 33 80;info@pintedepierreabot.ch;www.pintedepierreabot.ch;;Cuisine suisse, neuchâteloise, fondues, grillades;;"Ouvert 7 jours sur 7 dès 10:00 ; cuisine semaine 11:30-13:45 et 18:30-21:30 ; week-end non-stop 11:30-21:30";Aucun;12.08.2026;12.08.2026;12.08.2026;;Salva;Photo de la carte;Fondues au fromage;Fondue au poivre vert – 200 g;Dès 2 pers.;26
Pinte de Pierre-à-Bot;Pierre-à-Bot 106;2000;Neuchâtel;032 725 33 80;info@pintedepierreabot.ch;www.pintedepierreabot.ch;;Cuisine suisse, neuchâteloise, fondues, grillades;;"Ouvert 7 jours sur 7 dès 10:00 ; cuisine semaine 11:30-13:45 et 18:30-21:30 ; week-end non-stop 11:30-21:30";Aucun;12.08.2026;12.08.2026;12.08.2026;;Salva;Photo de la carte;Fondues au fromage;Fondue au curry – 300 g;Dès 2 pers.;39
Pinte de Pierre-à-Bot;Pierre-à-Bot 106;2000;Neuchâtel;032 725 33 80;info@pintedepierreabot.ch;www.pintedepierreabot.ch;;Cuisine suisse, neuchâteloise, fondues, grillades;;"Ouvert 7 jours sur 7 dès 10:00 ; cuisine semaine 11:30-13:45 et 18:30-21:30 ; week-end non-stop 11:30-21:30";Aucun;12.08.2026;12.08.2026;12.08.2026;;Salva;Photo de la carte;Fondues au fromage;Fondue au curry – 250 g;Dès 2 pers.;32.50
Pinte de Pierre-à-Bot;Pierre-à-Bot 106;2000;Neuchâtel;032 725 33 80;info@pintedepierreabot.ch;www.pintedepierreabot.ch;;Cuisine suisse, neuchâteloise, fondues, grillades;;"Ouvert 7 jours sur 7 dès 10:00 ; cuisine semaine 11:30-13:45 et 18:30-21:30 ; week-end non-stop 11:30-21:30";Aucun;12.08.2026;12.08.2026;12.08.2026;;Salva;Photo de la carte;Fondues au fromage;Fondue au curry – 200 g;Dès 2 pers.;26
Pinte de Pierre-à-Bot;Pierre-à-Bot 106;2000;Neuchâtel;032 725 33 80;info@pintedepierreabot.ch;www.pintedepierreabot.ch;;Cuisine suisse, neuchâteloise, fondues, grillades;;"Ouvert 7 jours sur 7 dès 10:00 ; cuisine semaine 11:30-13:45 et 18:30-21:30 ; week-end non-stop 11:30-21:30";Aucun;12.08.2026;12.08.2026;12.08.2026;;Salva;Photo de la carte;Fondues au fromage;Fondue au jambon – 300 g;Dès 2 pers.;39
Pinte de Pierre-à-Bot;Pierre-à-Bot 106;2000;Neuchâtel;032 725 33 80;info@pintedepierreabot.ch;www.pintedepierreabot.ch;;Cuisine suisse, neuchâteloise, fondues, grillades;;"Ouvert 7 jours sur 7 dès 10:00 ; cuisine semaine 11:30-13:45 et 18:30-21:30 ; week-end non-stop 11:30-21:30";Aucun;12.08.2026;12.08.2026;12.08.2026;;Salva;Photo de la carte;Fondues au fromage;Fondue au jambon – 250 g;Dès 2 pers.;32.50
Pinte de Pierre-à-Bot;Pierre-à-Bot 106;2000;Neuchâtel;032 725 33 80;info@pintedepierreabot.ch;www.pintedepierreabot.ch;;Cuisine suisse, neuchâteloise, fondues, grillades;;"Ouvert 7 jours sur 7 dès 10:00 ; cuisine semaine 11:30-13:45 et 18:30-21:30 ; week-end non-stop 11:30-21:30";Aucun;12.08.2026;12.08.2026;12.08.2026;;Salva;Photo de la carte;Fondues au fromage;Fondue au jambon – 200 g;Dès 2 pers.;26
Pinte de Pierre-à-Bot;Pierre-à-Bot 106;2000;Neuchâtel;032 725 33 80;info@pintedepierreabot.ch;www.pintedepierreabot.ch;;Cuisine suisse, neuchâteloise, fondues, grillades;;"Ouvert 7 jours sur 7 dès 10:00 ; cuisine semaine 11:30-13:45 et 18:30-21:30 ; week-end non-stop 11:30-21:30";Aucun;12.08.2026;12.08.2026;12.08.2026;;Salva;Photo de la carte;Fondues au fromage;Fondue à la crème – 300 g;Dès 2 pers.;39
Pinte de Pierre-à-Bot;Pierre-à-Bot 106;2000;Neuchâtel;032 725 33 80;info@pintedepierreabot.ch;www.pintedepierreabot.ch;;Cuisine suisse, neuchâteloise, fondues, grillades;;"Ouvert 7 jours sur 7 dès 10:00 ; cuisine semaine 11:30-13:45 et 18:30-21:30 ; week-end non-stop 11:30-21:30";Aucun;12.08.2026;12.08.2026;12.08.2026;;Salva;Photo de la carte;Fondues au fromage;Fondue à la crème – 250 g;Dès 2 pers.;32.50
Pinte de Pierre-à-Bot;Pierre-à-Bot 106;2000;Neuchâtel;032 725 33 80;info@pintedepierreabot.ch;www.pintedepierreabot.ch;;Cuisine suisse, neuchâteloise, fondues, grillades;;"Ouvert 7 jours sur 7 dès 10:00 ; cuisine semaine 11:30-13:45 et 18:30-21:30 ; week-end non-stop 11:30-21:30";Aucun;12.08.2026;12.08.2026;12.08.2026;;Salva;Photo de la carte;Fondues au fromage;Fondue à la crème – 200 g;Dès 2 pers.;26
Pinte de Pierre-à-Bot;Pierre-à-Bot 106;2000;Neuchâtel;032 725 33 80;info@pintedepierreabot.ch;www.pintedepierreabot.ch;;Cuisine suisse, neuchâteloise, fondues, grillades;;"Ouvert 7 jours sur 7 dès 10:00 ; cuisine semaine 11:30-13:45 et 18:30-21:30 ; week-end non-stop 11:30-21:30";Aucun;12.08.2026;12.08.2026;12.08.2026;;Salva;Photo de la carte;Fondues au fromage;Fondue au Mousseux Brut – 300 g;Dès 2 pers.;39
Pinte de Pierre-à-Bot;Pierre-à-Bot 106;2000;Neuchâtel;032 725 33 80;info@pintedepierreabot.ch;www.pintedepierreabot.ch;;Cuisine suisse, neuchâteloise, fondues, grillades;;"Ouvert 7 jours sur 7 dès 10:00 ; cuisine semaine 11:30-13:45 et 18:30-21:30 ; week-end non-stop 11:30-21:30";Aucun;12.08.2026;12.08.2026;12.08.2026;;Salva;Photo de la carte;Fondues au fromage;Fondue au Mousseux Brut – 250 g;Dès 2 pers.;32.50
Pinte de Pierre-à-Bot;Pierre-à-Bot 106;2000;Neuchâtel;032 725 33 80;info@pintedepierreabot.ch;www.pintedepierreabot.ch;;Cuisine suisse, neuchâteloise, fondues, grillades;;"Ouvert 7 jours sur 7 dès 10:00 ; cuisine semaine 11:30-13:45 et 18:30-21:30 ; week-end non-stop 11:30-21:30";Aucun;12.08.2026;12.08.2026;12.08.2026;;Salva;Photo de la carte;Fondues au fromage;Fondue au Mousseux Brut – 200 g;Dès 2 pers.;26
Pinte de Pierre-à-Bot;Pierre-à-Bot 106;2000;Neuchâtel;032 725 33 80;info@pintedepierreabot.ch;www.pintedepierreabot.ch;;Cuisine suisse, neuchâteloise, fondues, grillades;;"Ouvert 7 jours sur 7 dès 10:00 ; cuisine semaine 11:30-13:45 et 18:30-21:30 ; week-end non-stop 11:30-21:30";Aucun;12.08.2026;12.08.2026;12.08.2026;;Salva;Photo de la carte;Fondues au fromage;Fondue à la Guinness – 300 g;Dès 2 pers.;39
Pinte de Pierre-à-Bot;Pierre-à-Bot 106;2000;Neuchâtel;032 725 33 80;info@pintedepierreabot.ch;www.pintedepierreabot.ch;;Cuisine suisse, neuchâteloise, fondues, grillades;;"Ouvert 7 jours sur 7 dès 10:00 ; cuisine semaine 11:30-13:45 et 18:30-21:30 ; week-end non-stop 11:30-21:30";Aucun;12.08.2026;12.08.2026;12.08.2026;;Salva;Photo de la carte;Fondues au fromage;Fondue à la Guinness – 250 g;Dès 2 pers.;32.50
Pinte de Pierre-à-Bot;Pierre-à-Bot 106;2000;Neuchâtel;032 725 33 80;info@pintedepierreabot.ch;www.pintedepierreabot.ch;;Cuisine suisse, neuchâteloise, fondues, grillades;;"Ouvert 7 jours sur 7 dès 10:00 ; cuisine semaine 11:30-13:45 et 18:30-21:30 ; week-end non-stop 11:30-21:30";Aucun;12.08.2026;12.08.2026;12.08.2026;;Salva;Photo de la carte;Fondues au fromage;Fondue à la Guinness – 200 g;Dès 2 pers.;26
Pinte de Pierre-à-Bot;Pierre-à-Bot 106;2000;Neuchâtel;032 725 33 80;info@pintedepierreabot.ch;www.pintedepierreabot.ch;;Cuisine suisse, neuchâteloise, fondues, grillades;;"Ouvert 7 jours sur 7 dès 10:00 ; cuisine semaine 11:30-13:45 et 18:30-21:30 ; week-end non-stop 11:30-21:30";Aucun;12.08.2026;12.08.2026;12.08.2026;;Salva;Photo de la carte;Fondues au fromage;Fondue au cidre et Calvados – 300 g;Dès 2 pers.;39
Pinte de Pierre-à-Bot;Pierre-à-Bot 106;2000;Neuchâtel;032 725 33 80;info@pintedepierreabot.ch;www.pintedepierreabot.ch;;Cuisine suisse, neuchâteloise, fondues, grillades;;"Ouvert 7 jours sur 7 dès 10:00 ; cuisine semaine 11:30-13:45 et 18:30-21:30 ; week-end non-stop 11:30-21:30";Aucun;12.08.2026;12.08.2026;12.08.2026;;Salva;Photo de la carte;Fondues au fromage;Fondue au cidre et Calvados – 250 g;Dès 2 pers.;32.50
Pinte de Pierre-à-Bot;Pierre-à-Bot 106;2000;Neuchâtel;032 725 33 80;info@pintedepierreabot.ch;www.pintedepierreabot.ch;;Cuisine suisse, neuchâteloise, fondues, grillades;;"Ouvert 7 jours sur 7 dès 10:00 ; cuisine semaine 11:30-13:45 et 18:30-21:30 ; week-end non-stop 11:30-21:30";Aucun;12.08.2026;12.08.2026;12.08.2026;;Salva;Photo de la carte;Fondues au fromage;Fondue au cidre et Calvados – 200 g;Dès 2 pers.;26
Pinte de Pierre-à-Bot;Pierre-à-Bot 106;2000;Neuchâtel;032 725 33 80;info@pintedepierreabot.ch;www.pintedepierreabot.ch;;Cuisine suisse, neuchâteloise, fondues, grillades;;"Ouvert 7 jours sur 7 dès 10:00 ; cuisine semaine 11:30-13:45 et 18:30-21:30 ; week-end non-stop 11:30-21:30";Aucun;12.08.2026;12.08.2026;12.08.2026;;Salva;Photo de la carte;Fondues au fromage;Fondue à l’Absinthe – 300 g;Dès 2 pers.;39
Pinte de Pierre-à-Bot;Pierre-à-Bot 106;2000;Neuchâtel;032 725 33 80;info@pintedepierreabot.ch;www.pintedepierreabot.ch;;Cuisine suisse, neuchâteloise, fondues, grillades;;"Ouvert 7 jours sur 7 dès 10:00 ; cuisine semaine 11:30-13:45 et 18:30-21:30 ; week-end non-stop 11:30-21:30";Aucun;12.08.2026;12.08.2026;12.08.2026;;Salva;Photo de la carte;Fondues au fromage;Fondue à l’Absinthe – 250 g;Dès 2 pers.;32.50
Pinte de Pierre-à-Bot;Pierre-à-Bot 106;2000;Neuchâtel;032 725 33 80;info@pintedepierreabot.ch;www.pintedepierreabot.ch;;Cuisine suisse, neuchâteloise, fondues, grillades;;"Ouvert 7 jours sur 7 dès 10:00 ; cuisine semaine 11:30-13:45 et 18:30-21:30 ; week-end non-stop 11:30-21:30";Aucun;12.08.2026;12.08.2026;12.08.2026;;Salva;Photo de la carte;Fondues au fromage;Fondue à l’Absinthe – 200 g;Dès 2 pers.;26
Pinte de Pierre-à-Bot;Pierre-à-Bot 106;2000;Neuchâtel;032 725 33 80;info@pintedepierreabot.ch;www.pintedepierreabot.ch;;Cuisine suisse, neuchâteloise, fondues, grillades;;"Ouvert 7 jours sur 7 dès 10:00 ; cuisine semaine 11:30-13:45 et 18:30-21:30 ; week-end non-stop 11:30-21:30";Aucun;12.08.2026;12.08.2026;12.08.2026;;Salva;Photo de la carte;Fondues au fromage;Fondue de chèvre et toast – 300 g;Dès 2 pers.;39
Pinte de Pierre-à-Bot;Pierre-à-Bot 106;2000;Neuchâtel;032 725 33 80;info@pintedepierreabot.ch;www.pintedepierreabot.ch;;Cuisine suisse, neuchâteloise, fondues, grillades;;"Ouvert 7 jours sur 7 dès 10:00 ; cuisine semaine 11:30-13:45 et 18:30-21:30 ; week-end non-stop 11:30-21:30";Aucun;12.08.2026;12.08.2026;12.08.2026;;Salva;Photo de la carte;Fondues au fromage;Fondue de chèvre et toast – 250 g;Dès 2 pers.;32.50
Pinte de Pierre-à-Bot;Pierre-à-Bot 106;2000;Neuchâtel;032 725 33 80;info@pintedepierreabot.ch;www.pintedepierreabot.ch;;Cuisine suisse, neuchâteloise, fondues, grillades;;"Ouvert 7 jours sur 7 dès 10:00 ; cuisine semaine 11:30-13:45 et 18:30-21:30 ; week-end non-stop 11:30-21:30";Aucun;12.08.2026;12.08.2026;12.08.2026;;Salva;Photo de la carte;Fondues au fromage;Fondue de chèvre et toast – 200 g;Dès 2 pers.;26
Pinte de Pierre-à-Bot;Pierre-à-Bot 106;2000;Neuchâtel;032 725 33 80;info@pintedepierreabot.ch;www.pintedepierreabot.ch;;Cuisine suisse, neuchâteloise, fondues, grillades;;"Ouvert 7 jours sur 7 dès 10:00 ; cuisine semaine 11:30-13:45 et 18:30-21:30 ; week-end non-stop 11:30-21:30";Aucun;12.08.2026;12.08.2026;12.08.2026;;Salva;Photo de la carte;Fondues au fromage;Fondue au Bleuchâtel – 300 g;Dès 2 pers.;39
Pinte de Pierre-à-Bot;Pierre-à-Bot 106;2000;Neuchâtel;032 725 33 80;info@pintedepierreabot.ch;www.pintedepierreabot.ch;;Cuisine suisse, neuchâteloise, fondues, grillades;;"Ouvert 7 jours sur 7 dès 10:00 ; cuisine semaine 11:30-13:45 et 18:30-21:30 ; week-end non-stop 11:30-21:30";Aucun;12.08.2026;12.08.2026;12.08.2026;;Salva;Photo de la carte;Fondues au fromage;Fondue au Bleuchâtel – 250 g;Dès 2 pers.;32.50
Pinte de Pierre-à-Bot;Pierre-à-Bot 106;2000;Neuchâtel;032 725 33 80;info@pintedepierreabot.ch;www.pintedepierreabot.ch;;Cuisine suisse, neuchâteloise, fondues, grillades;;"Ouvert 7 jours sur 7 dès 10:00 ; cuisine semaine 11:30-13:45 et 18:30-21:30 ; week-end non-stop 11:30-21:30";Aucun;12.08.2026;12.08.2026;12.08.2026;;Salva;Photo de la carte;Fondues au fromage;Fondue au Bleuchâtel – 200 g;Dès 2 pers.;26
Pinte de Pierre-à-Bot;Pierre-à-Bot 106;2000;Neuchâtel;032 725 33 80;info@pintedepierreabot.ch;www.pintedepierreabot.ch;;Cuisine suisse, neuchâteloise, fondues, grillades;;"Ouvert 7 jours sur 7 dès 10:00 ; cuisine semaine 11:30-13:45 et 18:30-21:30 ; week-end non-stop 11:30-21:30";Aucun;12.08.2026;12.08.2026;12.08.2026;;Salva;Photo de la carte;Fondues au fromage;Fondue catastrophe – 300 g;"Piment, ail, échalote ; dès 2 pers.";39
Pinte de Pierre-à-Bot;Pierre-à-Bot 106;2000;Neuchâtel;032 725 33 80;info@pintedepierreabot.ch;www.pintedepierreabot.ch;;Cuisine suisse, neuchâteloise, fondues, grillades;;"Ouvert 7 jours sur 7 dès 10:00 ; cuisine semaine 11:30-13:45 et 18:30-21:30 ; week-end non-stop 11:30-21:30";Aucun;12.08.2026;12.08.2026;12.08.2026;;Salva;Photo de la carte;Fondues au fromage;Fondue catastrophe – 250 g;"Piment, ail, échalote ; dès 2 pers.";32.50
Pinte de Pierre-à-Bot;Pierre-à-Bot 106;2000;Neuchâtel;032 725 33 80;info@pintedepierreabot.ch;www.pintedepierreabot.ch;;Cuisine suisse, neuchâteloise, fondues, grillades;;"Ouvert 7 jours sur 7 dès 10:00 ; cuisine semaine 11:30-13:45 et 18:30-21:30 ; week-end non-stop 11:30-21:30";Aucun;12.08.2026;12.08.2026;12.08.2026;;Salva;Photo de la carte;Fondues au fromage;Fondue catastrophe – 200 g;"Piment, ail, échalote ; dès 2 pers.";26
Pinte de Pierre-à-Bot;Pierre-à-Bot 106;2000;Neuchâtel;032 725 33 80;info@pintedepierreabot.ch;www.pintedepierreabot.ch;;Cuisine suisse, neuchâteloise, fondues, grillades;;"Ouvert 7 jours sur 7 dès 10:00 ; cuisine semaine 11:30-13:45 et 18:30-21:30 ; week-end non-stop 11:30-21:30";Aucun;12.08.2026;12.08.2026;12.08.2026;;Salva;Photo de la carte;Grillades;Rumsteak de bœuf – 300 g;Accompagnement à choix : frites, riz, pâtes, pommes nature ou salade mêlée;38
Pinte de Pierre-à-Bot;Pierre-à-Bot 106;2000;Neuchâtel;032 725 33 80;info@pintedepierreabot.ch;www.pintedepierreabot.ch;;Cuisine suisse, neuchâteloise, fondues, grillades;;"Ouvert 7 jours sur 7 dès 10:00 ; cuisine semaine 11:30-13:45 et 18:30-21:30 ; week-end non-stop 11:30-21:30";Aucun;12.08.2026;12.08.2026;12.08.2026;;Salva;Photo de la carte;Grillades;Rumsteak de bœuf – 250 g;Accompagnement à choix : frites, riz, pâtes, pommes nature ou salade mêlée;34
Pinte de Pierre-à-Bot;Pierre-à-Bot 106;2000;Neuchâtel;032 725 33 80;info@pintedepierreabot.ch;www.pintedepierreabot.ch;;Cuisine suisse, neuchâteloise, fondues, grillades;;"Ouvert 7 jours sur 7 dès 10:00 ; cuisine semaine 11:30-13:45 et 18:30-21:30 ; week-end non-stop 11:30-21:30";Aucun;12.08.2026;12.08.2026;12.08.2026;;Salva;Photo de la carte;Grillades;Rumsteak de bœuf – 200 g;Accompagnement à choix : frites, riz, pâtes, pommes nature ou salade mêlée;28
Pinte de Pierre-à-Bot;Pierre-à-Bot 106;2000;Neuchâtel;032 725 33 80;info@pintedepierreabot.ch;www.pintedepierreabot.ch;;Cuisine suisse, neuchâteloise, fondues, grillades;;"Ouvert 7 jours sur 7 dès 10:00 ; cuisine semaine 11:30-13:45 et 18:30-21:30 ; week-end non-stop 11:30-21:30";Aucun;12.08.2026;12.08.2026;12.08.2026;;Salva;Photo de la carte;Grillades;Pavé de bœuf bardé (lard) – 300 g;Accompagnement à choix : frites, riz, pâtes, pommes nature ou salade mêlée;40
Pinte de Pierre-à-Bot;Pierre-à-Bot 106;2000;Neuchâtel;032 725 33 80;info@pintedepierreabot.ch;www.pintedepierreabot.ch;;Cuisine suisse, neuchâteloise, fondues, grillades;;"Ouvert 7 jours sur 7 dès 10:00 ; cuisine semaine 11:30-13:45 et 18:30-21:30 ; week-end non-stop 11:30-21:30";Aucun;12.08.2026;12.08.2026;12.08.2026;;Salva;Photo de la carte;Grillades;Pavé de bœuf bardé (lard) – 250 g;Accompagnement à choix : frites, riz, pâtes, pommes nature ou salade mêlée;36
Pinte de Pierre-à-Bot;Pierre-à-Bot 106;2000;Neuchâtel;032 725 33 80;info@pintedepierreabot.ch;www.pintedepierreabot.ch;;Cuisine suisse, neuchâteloise, fondues, grillades;;"Ouvert 7 jours sur 7 dès 10:00 ; cuisine semaine 11:30-13:45 et 18:30-21:30 ; week-end non-stop 11:30-21:30";Aucun;12.08.2026;12.08.2026;12.08.2026;;Salva;Photo de la carte;Grillades;Pavé de bœuf bardé (lard) – 200 g;Accompagnement à choix : frites, riz, pâtes, pommes nature ou salade mêlée;30
Pinte de Pierre-à-Bot;Pierre-à-Bot 106;2000;Neuchâtel;032 725 33 80;info@pintedepierreabot.ch;www.pintedepierreabot.ch;;Cuisine suisse, neuchâteloise, fondues, grillades;;"Ouvert 7 jours sur 7 dès 10:00 ; cuisine semaine 11:30-13:45 et 18:30-21:30 ; week-end non-stop 11:30-21:30";Aucun;12.08.2026;12.08.2026;12.08.2026;;Salva;Photo de la carte;Grillades;Entrecôte de cheval – 300 g;Accompagnement à choix : frites, riz, pâtes, pommes nature ou salade mêlée;40
Pinte de Pierre-à-Bot;Pierre-à-Bot 106;2000;Neuchâtel;032 725 33 80;info@pintedepierreabot.ch;www.pintedepierreabot.ch;;Cuisine suisse, neuchâteloise, fondues, grillades;;"Ouvert 7 jours sur 7 dès 10:00 ; cuisine semaine 11:30-13:45 et 18:30-21:30 ; week-end non-stop 11:30-21:30";Aucun;12.08.2026;12.08.2026;12.08.2026;;Salva;Photo de la carte;Grillades;Entrecôte de cheval – 250 g;Accompagnement à choix : frites, riz, pâtes, pommes nature ou salade mêlée;36
Pinte de Pierre-à-Bot;Pierre-à-Bot 106;2000;Neuchâtel;032 725 33 80;info@pintedepierreabot.ch;www.pintedepierreabot.ch;;Cuisine suisse, neuchâteloise, fondues, grillades;;"Ouvert 7 jours sur 7 dès 10:00 ; cuisine semaine 11:30-13:45 et 18:30-21:30 ; week-end non-stop 11:30-21:30";Aucun;12.08.2026;12.08.2026;12.08.2026;;Salva;Photo de la carte;Grillades;Entrecôte de cheval – 200 g;Accompagnement à choix : frites, riz, pâtes, pommes nature ou salade mêlée;30
Pinte de Pierre-à-Bot;Pierre-à-Bot 106;2000;Neuchâtel;032 725 33 80;info@pintedepierreabot.ch;www.pintedepierreabot.ch;;Cuisine suisse, neuchâteloise, fondues, grillades;;"Ouvert 7 jours sur 7 dès 10:00 ; cuisine semaine 11:30-13:45 et 18:30-21:30 ; week-end non-stop 11:30-21:30";Aucun;12.08.2026;12.08.2026;12.08.2026;;Salva;Photo de la carte;Grillades;Suprême de poulet – 300 g;Accompagnement à choix : frites, riz, pâtes, pommes nature ou salade mêlée;34
Pinte de Pierre-à-Bot;Pierre-à-Bot 106;2000;Neuchâtel;032 725 33 80;info@pintedepierreabot.ch;www.pintedepierreabot.ch;;Cuisine suisse, neuchâteloise, fondues, grillades;;"Ouvert 7 jours sur 7 dès 10:00 ; cuisine semaine 11:30-13:45 et 18:30-21:30 ; week-end non-stop 11:30-21:30";Aucun;12.08.2026;12.08.2026;12.08.2026;;Salva;Photo de la carte;Grillades;Suprême de poulet – 250 g;Accompagnement à choix : frites, riz, pâtes, pommes nature ou salade mêlée;30
Pinte de Pierre-à-Bot;Pierre-à-Bot 106;2000;Neuchâtel;032 725 33 80;info@pintedepierreabot.ch;www.pintedepierreabot.ch;;Cuisine suisse, neuchâteloise, fondues, grillades;;"Ouvert 7 jours sur 7 dès 10:00 ; cuisine semaine 11:30-13:45 et 18:30-21:30 ; week-end non-stop 11:30-21:30";Aucun;12.08.2026;12.08.2026;12.08.2026;;Salva;Photo de la carte;Grillades;Suprême de poulet – 200 g;Accompagnement à choix : frites, riz, pâtes, pommes nature ou salade mêlée;25
Pinte de Pierre-à-Bot;Pierre-à-Bot 106;2000;Neuchâtel;032 725 33 80;info@pintedepierreabot.ch;www.pintedepierreabot.ch;;Cuisine suisse, neuchâteloise, fondues, grillades;;"Ouvert 7 jours sur 7 dès 10:00 ; cuisine semaine 11:30-13:45 et 18:30-21:30 ; week-end non-stop 11:30-21:30";Aucun;12.08.2026;12.08.2026;12.08.2026;;Salva;Photo de la carte;Grillades;Médaillons de filet de porc – 300 g;Accompagnement à choix : frites, riz, pâtes, pommes nature ou salade mêlée;34
Pinte de Pierre-à-Bot;Pierre-à-Bot 106;2000;Neuchâtel;032 725 33 80;info@pintedepierreabot.ch;www.pintedepierreabot.ch;;Cuisine suisse, neuchâteloise, fondues, grillades;;"Ouvert 7 jours sur 7 dès 10:00 ; cuisine semaine 11:30-13:45 et 18:30-21:30 ; week-end non-stop 11:30-21:30";Aucun;12.08.2026;12.08.2026;12.08.2026;;Salva;Photo de la carte;Grillades;Médaillons de filet de porc – 250 g;Accompagnement à choix : frites, riz, pâtes, pommes nature ou salade mêlée;30
Pinte de Pierre-à-Bot;Pierre-à-Bot 106;2000;Neuchâtel;032 725 33 80;info@pintedepierreabot.ch;www.pintedepierreabot.ch;;Cuisine suisse, neuchâteloise, fondues, grillades;;"Ouvert 7 jours sur 7 dès 10:00 ; cuisine semaine 11:30-13:45 et 18:30-21:30 ; week-end non-stop 11:30-21:30";Aucun;12.08.2026;12.08.2026;12.08.2026;;Salva;Photo de la carte;Grillades;Médaillons de filet de porc – 200 g;Accompagnement à choix : frites, riz, pâtes, pommes nature ou salade mêlée;25
Pinte de Pierre-à-Bot;Pierre-à-Bot 106;2000;Neuchâtel;032 725 33 80;info@pintedepierreabot.ch;www.pintedepierreabot.ch;;Cuisine suisse, neuchâteloise, fondues, grillades;;"Ouvert 7 jours sur 7 dès 10:00 ; cuisine semaine 11:30-13:45 et 18:30-21:30 ; week-end non-stop 11:30-21:30";Aucun;12.08.2026;12.08.2026;12.08.2026;;Salva;Photo de la carte;Sauces;Sauce ail;;4
Pinte de Pierre-à-Bot;Pierre-à-Bot 106;2000;Neuchâtel;032 725 33 80;info@pintedepierreabot.ch;www.pintedepierreabot.ch;;Cuisine suisse, neuchâteloise, fondues, grillades;;"Ouvert 7 jours sur 7 dès 10:00 ; cuisine semaine 11:30-13:45 et 18:30-21:30 ; week-end non-stop 11:30-21:30";Aucun;12.08.2026;12.08.2026;12.08.2026;;Salva;Photo de la carte;Sauces;Sauce Café de Paris maison;;4
Pinte de Pierre-à-Bot;Pierre-à-Bot 106;2000;Neuchâtel;032 725 33 80;info@pintedepierreabot.ch;www.pintedepierreabot.ch;;Cuisine suisse, neuchâteloise, fondues, grillades;;"Ouvert 7 jours sur 7 dès 10:00 ; cuisine semaine 11:30-13:45 et 18:30-21:30 ; week-end non-stop 11:30-21:30";Aucun;12.08.2026;12.08.2026;12.08.2026;;Salva;Photo de la carte;Sauces;Sauce poivre;;5
Pinte de Pierre-à-Bot;Pierre-à-Bot 106;2000;Neuchâtel;032 725 33 80;info@pintedepierreabot.ch;www.pintedepierreabot.ch;;Cuisine suisse, neuchâteloise, fondues, grillades;;"Ouvert 7 jours sur 7 dès 10:00 ; cuisine semaine 11:30-13:45 et 18:30-21:30 ; week-end non-stop 11:30-21:30";Aucun;12.08.2026;12.08.2026;12.08.2026;;Salva;Photo de la carte;Sauces;Sauce moutarde de Meaux;;5
Pinte de Pierre-à-Bot;Pierre-à-Bot 106;2000;Neuchâtel;032 725 33 80;info@pintedepierreabot.ch;www.pintedepierreabot.ch;;Cuisine suisse, neuchâteloise, fondues, grillades;;"Ouvert 7 jours sur 7 dès 10:00 ; cuisine semaine 11:30-13:45 et 18:30-21:30 ; week-end non-stop 11:30-21:30";Aucun;12.08.2026;12.08.2026;12.08.2026;;Salva;Photo de la carte;Sauces;Sauce vigneronne;;5
Pinte de Pierre-à-Bot;Pierre-à-Bot 106;2000;Neuchâtel;032 725 33 80;info@pintedepierreabot.ch;www.pintedepierreabot.ch;;Cuisine suisse, neuchâteloise, fondues, grillades;;"Ouvert 7 jours sur 7 dès 10:00 ; cuisine semaine 11:30-13:45 et 18:30-21:30 ; week-end non-stop 11:30-21:30";Aucun;12.08.2026;12.08.2026;12.08.2026;;Salva;Photo de la carte;Sauces;Sauce curry;;5
Pinte de Pierre-à-Bot;Pierre-à-Bot 106;2000;Neuchâtel;032 725 33 80;info@pintedepierreabot.ch;www.pintedepierreabot.ch;;Cuisine suisse, neuchâteloise, fondues, grillades;;"Ouvert 7 jours sur 7 dès 10:00 ; cuisine semaine 11:30-13:45 et 18:30-21:30 ; week-end non-stop 11:30-21:30";Aucun;12.08.2026;12.08.2026;12.08.2026;;Salva;Photo de la carte;Sauces;Sauce forestière;;6
Pinte de Pierre-à-Bot;Pierre-à-Bot 106;2000;Neuchâtel;032 725 33 80;info@pintedepierreabot.ch;www.pintedepierreabot.ch;;Cuisine suisse, neuchâteloise, fondues, grillades;;"Ouvert 7 jours sur 7 dès 10:00 ; cuisine semaine 11:30-13:45 et 18:30-21:30 ; week-end non-stop 11:30-21:30";Aucun;12.08.2026;12.08.2026;12.08.2026;;Salva;Photo de la carte;Sauces;Sauce morilles;;9
Pinte de Pierre-à-Bot;Pierre-à-Bot 106;2000;Neuchâtel;032 725 33 80;info@pintedepierreabot.ch;www.pintedepierreabot.ch;;Cuisine suisse, neuchâteloise, fondues, grillades;;"Ouvert 7 jours sur 7 dès 10:00 ; cuisine semaine 11:30-13:45 et 18:30-21:30 ; week-end non-stop 11:30-21:30";Aucun;12.08.2026;12.08.2026;12.08.2026;;Salva;Photo de la carte;Sauces;Sauce froide : tartare, ail, cocktail ou curry;;3
Pinte de Pierre-à-Bot;Pierre-à-Bot 106;2000;Neuchâtel;032 725 33 80;info@pintedepierreabot.ch;www.pintedepierreabot.ch;;Cuisine suisse, neuchâteloise, fondues, grillades;;"Ouvert 7 jours sur 7 dès 10:00 ; cuisine semaine 11:30-13:45 et 18:30-21:30 ; week-end non-stop 11:30-21:30";Aucun;12.08.2026;12.08.2026;12.08.2026;;Salva;Photo de la carte;Menu semaine 10–16 août 2026;Rôti de dinde à la moutarde;"Lundi midi ; Salade de tomate ; pâtes et légumes ; ou croûte au fromage ; dessert du jour";17 / 20 / 23
Pinte de Pierre-à-Bot;Pierre-à-Bot 106;2000;Neuchâtel;032 725 33 80;info@pintedepierreabot.ch;www.pintedepierreabot.ch;;Cuisine suisse, neuchâteloise, fondues, grillades;;"Ouvert 7 jours sur 7 dès 10:00 ; cuisine semaine 11:30-13:45 et 18:30-21:30 ; week-end non-stop 11:30-21:30";Aucun;12.08.2026;12.08.2026;12.08.2026;;Salva;Photo de la carte;Menu semaine 10–16 août 2026;Rôti de porc aux pruneaux;"Mardi midi ; Tarama, dolmas ; salade de riz ; ou salade de tomme chaude sur toast ; coupe maison";17 / 20 / 23
Pinte de Pierre-à-Bot;Pierre-à-Bot 106;2000;Neuchâtel;032 725 33 80;info@pintedepierreabot.ch;www.pintedepierreabot.ch;;Cuisine suisse, neuchâteloise, fondues, grillades;;"Ouvert 7 jours sur 7 dès 10:00 ; cuisine semaine 11:30-13:45 et 18:30-21:30 ; week-end non-stop 11:30-21:30";Aucun;12.08.2026;12.08.2026;12.08.2026;;Salva;Photo de la carte;Menu semaine 10–16 août 2026;Gigot d’agneau au romarin;"Mercredi midi ; Salade de betterave ; salade de pommes de terre ; ou riz végétarien ; coupe glacée";17 / 20 / 23
Pinte de Pierre-à-Bot;Pierre-à-Bot 106;2000;Neuchâtel;032 725 33 80;info@pintedepierreabot.ch;www.pintedepierreabot.ch;;Cuisine suisse, neuchâteloise, fondues, grillades;;"Ouvert 7 jours sur 7 dès 10:00 ; cuisine semaine 11:30-13:45 et 18:30-21:30 ; week-end non-stop 11:30-21:30";Aucun;12.08.2026;12.08.2026;12.08.2026;;Salva;Photo de la carte;Menu semaine 10–16 août 2026;Ragoût de poulet à la crème;"Jeudi midi ; Salade verte ; riz et légumes ; ou salade de la mer ; sorbet";17 / 20 / 23
Pinte de Pierre-à-Bot;Pierre-à-Bot 106;2000;Neuchâtel;032 725 33 80;info@pintedepierreabot.ch;www.pintedepierreabot.ch;;Cuisine suisse, neuchâteloise, fondues, grillades;;"Ouvert 7 jours sur 7 dès 10:00 ; cuisine semaine 11:30-13:45 et 18:30-21:30 ; week-end non-stop 11:30-21:30";Aucun;12.08.2026;12.08.2026;12.08.2026;;Salva;Photo de la carte;Menu semaine 10–16 août 2026;Filet de sandre aux fines herbes;"Vendredi midi ; Salade de chou ; pommes sautées et légumes ; ou salade de chef ; cornet à la crème";17 / 20 / 23
Pinte de Pierre-à-Bot;Pierre-à-Bot 106;2000;Neuchâtel;032 725 33 80;info@pintedepierreabot.ch;www.pintedepierreabot.ch;;Cuisine suisse, neuchâteloise, fondues, grillades;;"Ouvert 7 jours sur 7 dès 10:00 ; cuisine semaine 11:30-13:45 et 18:30-21:30 ; week-end non-stop 11:30-21:30";Aucun;12.08.2026;12.08.2026;12.08.2026;;Salva;Photo de la carte;Menu semaine 10–16 août 2026;Médaillons de porc aux champignons;"Samedi et dimanche ; Cocktail de crevettes ; garniture à choix ; assortiment de sorbets";42
